id,product_sync_code,product_group,product_code,sku,msku,active,minimum_price,link_tiki,link_lazada,link_shopee,link_sendo
1,Linksys MR8300,LINKSYS,LINKSYS-MR8300-1,5144828033446,1850962908956,1,3515000,tiki.vn/linksys-mr8300-router-mesh-wifi-max-strem-ac2200-mu-mimo-hang-chinh-hang-p23286637.html,,,
2,Linksys RE7000,LINKSYS,LINKSYS-RE7000,9788412700640,8867217551686,1,2703000,https://tiki.vn/router-wifi-linksys-re7000w-ac1900-phat-song-bang-tan-kep-p10414694.html,,,
3,Linksys RE7000,LINKSYS,LINKSYS-RE7000,1117360113512,8867217551686,1,2703000,https://tiki.vn/router-wifi-linksys-re7000w-ac1900-phat-song-bang-tan-kep-p10414694.html,,,
4,Linksys LAPAC1750-AP,LINKSYS,LINKSYS-LAPAC1750-AP,1205515469918,7504035442017,1,5052000,https://tiki.vn/linksys-lapac1750-access-point-chuan-ac-hang-chinh-hang-p562876.html,,,
5,Linksys LAPAC1200C-AP,LINKSYS,LINKSYS-LAPAC1200C-AP,7900435125718,7507158333637,1,3864000,https://tiki.vn/linksys-lapac1200-access-point-chuan-ac-p562861.html,,,
6,Linksys LAPN600-AP,LINKSYS,LINKSYS-LAPN600-AP,2514358207793,7507698323853,1,2993000,https://tiki.vn/linksys-lapn600-access-point-chuan-n-p562843.html,,,
7,Linksys LAPN300-AP,LINKSYS,LINKSYS-LAPN300-AP,6092498130844,7509524245568,1,2492000,https://tiki.vn/linksys-lapn300-access-point-chuan-n-hang-chinh-hang-p562815.html,,,
8,Linksys LACXGLR,LINKSYS,LINKSYS-LACXGLR,7674850053917,7503999802127,0,20601000,https://tiki.vn/linksys-lacxglr-sfp-sfp-transceiver-module-p563060.html,,,
9,Linksys LACXGSR,LINKSYS,LINKSYS-LACXGSR,6269110981515,7504801656150,0,10834000,https://tiki.vn/linksys-lacxgsr-sfp-sfp-transceiver-module-p563048.html,,,
10,Linksys LACGLX,LINKSYS,LINKSYS-LACGLX,9299344385701,7500607168828,0,1567000,https://tiki.vn/linksys-lacglx-sfp-sfp-transceiver-module-p563026.html,,,
11,Linksys LACGSX,LINKSYS,LINKSYS-LACGSX,5305604577220,7501096376626,1,1304000,https://tiki.vn/linksys-lacgsx-sfp-sfp-transceiver-module-p563001.html,,,
12,Linksys LRT224-AP,LINKSYS,LINKSYS-LRT224-AP,1265038887590,7508894050482,0,3838000,https://tiki.vn/linksys-lrt224-vpn-router-p562926.html,,,
13,Linksys LGS552P-AP,LINKSYS,LINKSYS-LGS552P-AP,9420825933795,7509017433434,0,23769000,https://tiki.vn/linksys-lgs552p-managed-gigabit-switches-poe-p562749.html,,,
14,Linksys LGS528P-AP,LINKSYS,LINKSYS-LGS528P-AP,6535165701294,7504496216424,0,13474000,https://tiki.vn/linksys-lgs528p-managed-gigabit-switches-poe-p562702.html,,,
15,Linksys LGS552-AP,LINKSYS,LINKSYS-LGS552-AP,7060296850980,7507435190199,0,15058000,https://tiki.vn/linksys-lgs552-managed-gigabit-switches-p562713.html,,,
16,Linksys LGS528-AP,LINKSYS,LINKSYS-LGS528-AP,9796997994316,7504616628571,1,7138000,https://tiki.vn/linksys-lgs528-managed-gigabit-switches-p562493.html,,,
17,Linksys LGS326P-AP,LINKSYS,LINKSYS-LGS326P-AP,2454823946737,7507179375388,1,10701000,https://tiki.vn/linksys-lgs326p-smart-gigabit-poe-p562492.html,,,
18,Linksys LGS318P-AP,LINKSYS,LINKSYS-LGS318P-AP,5410956213013,7502632965007,1,8537000,https://tiki.vn/linksys-lgs318p-smart-gigabit-poe-p562490.html,,,
19,Linksys LGS308P-AP,LINKSYS,LINKSYS-LGS308P-AP,4877098621082,7505141129618,1,4129000,https://tiki.vn/linksys-lgs308p-smart-gigabit-poe-p562488.html,,,
20,Linksys LGS326-AP,LINKSYS,LINKSYS-LGS326-AP,4994172096847,7508943892414,1,6134000,https://tiki.vn/linksys-lgs326-smart-gigabit-p562491.html,,,
21,Linksys LGS318-AP,LINKSYS,LINKSYS-LGS318-AP,5875365630378,7503776199617,1,4682000,https://tiki.vn/linksys-lgs318-smart-gigabit-p562489.html,,,
22,Linksys LGS318-AP,LINKSYS,LINKSYS-LGS318-AP,7649782873476,1955286821766,1,4682000,https://tiki.vn/thiet-bi-mang-linksys-lgs318-p1831735.html,,,
23,Linksys LGS308-AP,LINKSYS,LINKSYS-LGS308-AP,5024948094865,1531188227105,1,1990000,https://tiki.vn/thiet-bi-mang-linksys-lgs308-p1831723.html,,,
24,Linksys LGS124P-AP,LINKSYS,LINKSYS-LGS124P-AP,8454444378065,7504469712816,1,8326000,https://tiki.vn/linksys-lgs124p-unmanaged-switch-poe-p562486.html,,,
25,Linksys LGS116P-AP,LINKSYS,LINKSYS-LGS116P-AP,7037952770074,7505888195297,1,5818000,https://tiki.vn/linksys-lgs116p-unmanaged-switch-poe-p562474.html,,,
26,Linksys LGS108P-AP,LINKSYS,LINKSYS-LGS108P-AP,1903870637828,7507252676920,1,2755000,https://tiki.vn/linksys-lgs108p-unmanaged-switch-poe-p562408.html,,,
27,Linksys LGS124-AP,LINKSYS,LINKSYS-LGS124-AP,5290866616667,7505322389770,1,2676000,https://tiki.vn/linksys-lgs124-unmanaged-switch-p562485.html,,,
28,Linksys LGS116-AP,LINKSYS,LINKSYS-LGS116-AP,2180819263594,7503539123828,1,1990000,https://tiki.vn/linksys-lgs116-unmanaged-switch-p562423.html,,,
29,Linksys LGS108-AP,LINKSYS,LINKSYS-LGS108-AP,7693670853828,7508721659925,1,770000,https://tiki.vn/linksys-lgs108-unmanaged-switch-p562364.html,,,
30,Linksys LGS105-AP,LINKSYS,LINKSYS-LGS105-AP,2347431071246,7507321557372,1,604000,https://tiki.vn/linksys-lgs105-unmanaged-switch-p562293.html,,,
31,Linksys RE6500HG-AP,LINKSYS,LINKSYS-RE6500HG-AP,6844472716106,7509311382827,1,2412000,https://tiki.vn/bo-kich-song-wifi-repeater-bang-tang-kep-ac1200-linksys-re6500hg-hang-chinh-hang-p464804.html,,,
32,Linksys RE4100W-AG,LINKSYS,LINKSYS-RE4100W-AG,9482707385986,7500550174730,1,1114000,https://tiki.vn/bo-kich-song-wifi-repeater-n600-linksys-re4100w-hang-chinh-hang-p555512.html,,,
33,Linksys RE3000W-AG,LINKSYS,LINKSYS-RE3000W-AG,2779123992803,7508099228600,1,725000,https://tiki.vn/bo-kich-song-wifi-repeater-n300-linksys-re3000w-hang-chinh-hang-p464802.html,,,
34,Linksys WHW0303,LINKSYS,LINKSYS-WHW0303,7972370735628,1150398312755,1,10068000,https://tiki.vn/linksys-velop-intelligent-mesh-wifi-system-ac6600-mu-mimo-3-pack-whw0303-ah-hang-chinh-hang-p5045883.html,,,
35,Linksys WHW0302,LINKSYS,LINKSYS-WHW0302,6975309260513,4322155158389,1,7190000,https://tiki.vn/linksys-velop-intelligent-mesh-wifi-system-ac4400-mu-mimo-2-pack-whw0302-ah-hang-chinh-hang-p5045191.html,,,
36,Linksys WHW0301,LINKSYS,LINKSYS-WHW0301,2782819201578,9910515380973,1,4815000,https://tiki.vn/linksys-velop-intelligent-mesh-wifi-system-ac2200-mu-mimo-1-pack-whw0301-ah-hang-chinh-hang-p5041587.html,,,
37,Linksys WHW0103-AH,LINKSYS,LINKSYS-WHW0103-AH,8503956765112,8546107931752,1,5421000,https://tiki.vn/linksys-velop-intelligent-mesh-wifi-system-ac3900-mu-mimo-3-pack-whw0103-ah-hang-chinh-hang-p5050111.html,,,
38,Linksys WHW0102-AH,LINKSYS,LINKSYS-WHW0102-AH,2517201180939,6032852830737,1,3759000,https://tiki.vn/linksys-velop-intelligent-mesh-wifi-system-ac2600-mu-mimo-2-pack-whw0102-ah-hang-chinh-hang-p5049555.html,,,
39,Linksys WHW0101-AH,LINKSYS,LINKSYS-WHW0101-AH,6006541530826,7157338521035,1,1924000,https://tiki.vn/linksys-velop-intelligent-mesh-wifi-system-ac1300-mu-mimo-1-pack-whw0101-ah-hang-chinh-hang-p5047629.html,,,
40,Linksys WRT1900ACS,LINKSYS,LINKSYS-WRT1900ACS,5902427541867,7505515563031,1,4709000,https://tiki.vn/router-wifi-bang-tang-kep-linksys-wrt1900acs-hang-chinh-hang-p686533.html,,,
41,Linksys EA9500-AH,LINKSYS,LINKSYS-EA9500-AH,3557661249677,7507700612579,1,7526000,https://tiki.vn/linksys-ea9500-router-wifi-bang-tang-kep-ac5400-mu-mimo-hang-chinh-hang-p555488.html,,,
42,Linksys EA9300,LINKSYS,LINKSYS-EA9300,7501527013632,1985385460047,1,5896000,https://tiki.vn/router-wifi-linksys-ea9300-tri-band-ac-4000mbps-den-hang-chinh-hang-p1210093.html,,,
43,Linksys EA8500-AH,LINKSYS,LINKSYS-EA8500-AH,2127212098972,7502473372002,1,5116000,https://tiki.vn/linksys-ea8500-router-wifi-chuan-ac-2600mbps-hang-chinh-hang-p464807.html,,,
44,Linksys EA8300,LINKSYS,LINKSYS-EA8300,7265152904733,2576813925345,1,4095000,https://tiki.vn/router-wifi-tri-band-linksys-ea8300-ac2200-hang-chinh-hang-p1275017.html,,,
45,Linksys EA7500-AH,LINKSYS,LINKSYS-EA7500-AH,6056865949460,7502851323428,1,3494000,https://tiki.vn/linksys-ea7500-router-wifi-bang-tang-kep-ac1900-mu-mimo-hang-chinh-hang-p555451.html,,,
46,Linksys EA6350-AP,LINKSYS,LINKSYS-EA6350-AP,1227103322559,7509171155302,1,1940000,https://tiki.vn/linksys-ea6350-router-wifi-chuan-ac-1167mbps-hang-chinh-hang-p464591.html,,,
47,Linksys EA2750-AP,LINKSYS,LINKSYS-EA2750-AP,4290281829452,7509094611404,1,1604000,https://tiki.vn/linksys-ea2750-router-wifi-chuan-n-600mbps-hang-chinh-hang-p464587.html,,,
48,Linksys E2500-AP,LINKSYS,LINKSYS-E2500-AP,5384411606132,7503320032469,1,1277000,https://tiki.vn/linksys-e2500-router-wifi-chuan-n-600mbps-hang-chinh-hang-p547926.html,,,
49,Linksys E1700-AP,LINKSYS,LINKSYS-E1700-AP,5411441526434,7502494814505,1,1121000,https://tiki.vn/linksys-e1700-router-wifi-chuan-n-300mbps-hang-chinh-hang-p464565.html,,,
50,Linksys E1200-AP,LINKSYS,E1200-AP,7037908668134,7501219092037,1,641000,https://tiki.vn/linksys-e1200-router-wifi-chuan-n-300mbps-hang-chinh-hang-p464563.html,,,
51,Ezviz CS-C1C 1080P,EZVIZ,EZVIZ-CS-C1C-1080P,4930421879250,5049440581866,1,560000,https://tiki.vn/camera-wifi-ip-ezviz-c1c-cs-c1c-d0-1d2wfr-1080p-full-hd-hang-chinh-hang-p19763768.html,,,
52,Ezviz CS-C1C 720P,EZVIZ,EZVIZ-CS-C1C-720P-1,4288279258643,4770718649131,1,453000,https://tiki.vn/camera-ezviz-cs-c1c-1d1wfr-720p-hang-chinh-hang-p15867772.html,,,
53,Ezviz CS-C1C 720P,EZVIZ,EZVIZ-CS-C1C-720P,2740042977967,5468780146939,1,453000,https://tiki.vn/camera-ip-wifi-ezviz-cs-c1c-d0-1d1wfr-720p-hang-chinh-hang-p19763559.html,,,
54,Ezviz CS-CV246 1080P,EZVIZ,EZVIZ_CV246_1080P,2893920433496,7016712934536,1,689000,https://tiki.vn/camera-ip-wifi-ezviz-cs-cv246-1080p-hang-chinh-hang-p4820985.html,,,
55,Ezviz CS-CV246 1080P,EZVIZ,EZVIZ_CV246-720P_32GB_HIK,9736426336072,9973617040374,1,689000,https://tiki.vn/camera-wifi-ky-thuat-so-ezviz-cs-cv246-tang-kem-the-nho-32gb-hikvision-hang-chinh-hang-p11866615.html,,,
56,TF Ezviz 32GB,EZVIZ,TF-EZVIZ-32GB,9796316192324,8596659543033,0,119000,https://tiki.vn/the-nho-micro-sd-32gb-class-10-chuyen-dung-cho-camera-giam-sat-ezviz-hang-chinh-hang-p14262189.html,,,
57,Ezviz CS-CV310 1080P,EZVIZ,EZVIZ_CV310_32GB,1805718008473,5527606308620,0,1074000,https://tiki.vn/camera-ip-wifi-ngoai-troi-ezviz-c3w-1080p-cs-cv310-tang-the-nho-ezviz-32gb-p6885293.html,,,
58,Ezviz CS-CV246 1080P,EZVIZ,EZVIZ_C6C_CS_CV246,2060156399470,4911067576277,1,689000,https://tiki.vn/camera-ezviz-c6c-cs-cv246-ez360-1080p-p5812505.html,,,
59,Ezviz CS-CV246 720P,EZVIZ,EZVIZ_CV246_720P,5481714993270,7020679630400,1,573000,https://tiki.vn/camera-ip-wifi-ezviz-c6cn-720p-cs-cv246-b0-1c1wfr-p10062880.html,,,
60,Ezviz CS-CV206 720P,EZVIZ,,8951295078682,9385276205566,1,552000,https://tiki.vn/camera-ip-wifi-ezviz-ecs-cv206-p2994789.html,,,
61,Ezviz CS-CV246 720P,EZVIZ,EZVIZ-CV-CV246-720,8601960054601,5436568595149,1,573000,https://tiki.vn/camera-ip-wifi-ezviz-cs-cv246-hang-chinh-hang-p4820975.html,,,
62,Ezviz CS-CV346-A0-7A3WFR,EZVIZ,EZVIZ-CS-CV346-A0-7A3WFR,2479836514063,3219953977254,0,2903000,https://tiki.vn/camera-ip-wifi-mat-ca-360-ezviz-cs-cv346-a0-7a3wfr-hang-phan-phoi-chinh-thuc-p10001508.html,,,
63,Ezviz CS-X5C-4APEC,EZVIZ,EZVIZ-CS-X5C-4APEC,2787467596038,4828242033176,1,1358000,https://tiki.vn/dau-ghi-hinh-ip-wifi-4-kenh-ezviz-cs-x5c-4apec-p10001123.html,,,
64,Ezviz CS-CV310 720P,EZVIZ,EZVIZ-CS-CV310,4344114914973,4755640283042,1,881000,https://tiki.vn/camera-ip-wifi-ngoai-troi-ezviz-cs-cv310-720p-hang-phan-phoi-chinh-thuc-p10001012.html,,,
65,Ezviz CS-CV310 1080P,EZVIZ,EZVIZCS-CV310-1080P,9356947733084,6593096062853,1,1074000,https://tiki.vn/camera-ip-wifi-ngoai-troi-ezviz-cs-cv310-1080p-hang-phan-phoi-chinh-thuc-p10000738.html,,,
66,Yoosee 1080P 3 Anten,YOOSEE,YOOSEE-1080P-3ANTEN,5991689655672,2384880982426,1,400000,https://tiki.vn/camera-ip-wifi-yoosee-full-hd-1080p-3-rau-hang-nhap-khau-p15348075.html,,,
67,Yoosee IPC-K1 1.0 (Go),YOOSEE,IPC-K1-G,8470018237880,3783213126534,1, -   ,https://tiki.vn/camera-quan-sat-yoosee-ipc-k1-hang-nhap-khau-p15265699.html,,,
68,Yoosee 720P 3 anten,YOOSEE,YOOSEE_720P_3RAU,7670634908763,8795721976902,1,346000,https://tiki.vn/camera-giam-sat-ip-yoosee-3-rau-p9839803.html,,,
69,Yoosee 1080P 2 anten,YOOSEE,YOOSEE-2.0,9997061505043,5674083687813,1,400000,https://tiki.vn/camera-ip-wifi-yoosee-full-hd-1080p-p11370765.html,,,
70,Yoosee 720P 2 anten,YOOSEE,YOOSEE-1.0,6948322958958,4331729422054,1,346000,https://tiki.vn/camera-ip-yoosee-hd-720p-p11370697.html,,,
71,Yoosee VS100,YOOSEE,YOOSEE-V103,1028842335998,2117501724699,0,346000,https://tiki.vn/camera-ip-wifi-yoosee-720p-v103-p9793024.html,,,
72,Yoosee VS100,YOOSEE,YOOSEE-V102,1431624957477,9538165682546,0,346000,https://tiki.vn/camera-ip-wifi-yoosee-720p-v102-p9792873.html,,,
73,Yoosee 720P 2 anten,YOOSEE,,1882451981492,8069658019279,1,346000,https://tiki.vn/camera-ip-wifi-yoosee-720p-z06h-p9792846.html,,,
74,Netcam B3L 3.0 (W),NETCAM,NETCAM-B3L,4485613165777,4907270755998,1,651000,https://tiki.vn/camera-bong-den-quay-toan-canh-360-do-netcam-b3l-3-0-mp-hang-chinh-hang-p15321538.html,,,
75,Netcam B2L 2.0 (W),NETCAM,NETCAM-B2L,3879000944662,8473224486509,1,452000,https://tiki.vn/camera-bong-den-quay-toan-canh-360-do-netcam-b2l-2-0-mp-hang-chinh-hang-p10208991.html,,,
76,Netcam B13L 1.3 (W),NETCAM,NETCAM-B13L,2502823143257,7413249099217,1,368000,https://tiki.vn/camera-bong-den-quay-toan-canh-360-do-netcam-b2l-2-0-mp-hang-chinh-hang-p10208991.html,,,
77,Netcam IPC-W4A (W),NETCAM,NETCAM-IPC-W4A-W,9893897643860,2300591062264,1, -   ,https://tiki.vn/camera-ip-quan-sat-yoosee-ipc-w4a-trang-hang-phan-phoi-chinh-thuc-p15261187.html,,,
78,Netcam AT2.0 Plus (W),NETCAM,NETCAM-AT2.0-PLUS-W,9150033951822,8783723263212,1, -   ,https://tiki.vn/camera-giam-sat-ip-wifi-ngoai-troi-netcam-at-2-0-plus-app-yoosee-hang-phan-phoi-chinh-thuc-p11299385.html,,,
79,Netcam AT1.3 (W),NETCAM,NETCAM-AT1.3-W,6988653319974,4781232864375,1,614000,https://tiki.vn/camera-giam-sat-ip-wifi-ngoai-troi-netcam-at-1-3-app-yoosee-hang-phan-phoi-chinh-thuc-p10206917.html,,,
80,Netcam AT1.0 (W),NETCAM,NETCAM-AT1.0-W,4884693425380,3634741987268,0, -   ,https://tiki.vn/camera-giam-sat-ip-wifi-ngoai-troi-netcam-at1-0-hang-phan-phoi-chinh-thuc-p11296481.html,,,
81,Netcam NC-109IP 1.3,NETCAM,2-NC-109IP,8390878690178,4236115194556,0,348000,https://tiki.vn/bo-2-camera-ip-giam-sat-hong-ngoai-netcam-nc-109ip-1-3-p10275641.html,,,
82,Netcam NC-208AHD 1.0,NETCAM,NETCAM-NC-208AHD-1.0,2152590990556,4702254355696,1,328000,https://tiki.vn/camera-wifi-giam-sat-netcam-nc-208ahd-1-0-mp-hang-phan-phoi-chinh-thuc-p10207792.html,,,
83,Netcam X890 (X8900-MH36),NETCAM,NETCAM-X890,9033256109150,2128147725773,0,520000,https://tiki.vn/camera-quan-sat-ip-wi-fi-ngoai-troi-netcam-x890-720p-1-0mp-hang-phan-phoi-chinh-thuc-p10207473.html,,,
84,Netcam BX01 1.0 (W),NETCAM,NETCAM-BX01-1.0-W,8713716722112,7511286032157,0,368000,https://tiki.vn/camera-ip-wifi-netcam-bx01-720p-hang-phan-phoi-chinh-thuc-p10207198.html,,,
85,Netcam M1-IP 1.0 (W),NETCAM,NETCAM-M1-IP-1.0,2930520557747,4994474189506,0,325000,https://tiki.vn/camera-ip-giam-sat-ngay-dem-netcam-m1-ip1-0-hang-phan-phoi-chinh-thuc-p10207163.html,,,
86,Netcam R01 1.0 (W),NETCAM,NETCAM-R01-W,4335076959812,1475730894844,1,346000,https://tiki.vn/camera-ip-wifi-giam-sat-va-bao-dong-netcam-r01-720p-p10206929.html,,,
87,Netcam R02 2.0 (W),NETCAM,NETCAM-R02-W,9982316082363,5126408040785,1,475000,https://tiki.vn/camera-ip-wifi-giam-sat-va-bao-dong-netcam-r02-1080p-hang-phan-phoi-chinh-thuc-p10206750.html,,,
88,Netcam VH04,NETCAM,NETCAM-VH04,7331609018992,1187474375069,1,389000,https://tiki.vn/camera-quay-toan-canh-360-do-netcam-panorama-vh04-fullhd-1080p-2-0mp-hang-phan-phoi-chinh-thuc-p10206715.html,,,
89,Netcam VH01,NETCAM,NETCAM-VH01,7468921622429,2510584942989,1,432000,https://tiki.vn/camera-quay-toan-canh-360-do-netcam-panorama-vh01-fullhd-1080p-2-0mp-hang-phan-phoi-chinh-thuc-p10206434.html,,,
90,Qihoo D688 (W),QIHOO,QIHOO-D688-02,7143102715106,9758851660690,1,1417000,https://tiki.vn/camera-quan-sat-qihoo-d688-02-full-hd-1080p-gan-tran-180-do-hang-chinh-hang-p22142785.html,,,
91,Qihoo D603 (W),QIHOO,QIHOO_360_D603_PLUS,1234287642953,3029870335897,1,528000,https://tiki.vn/camera-quan-sat-qihoo-360-d603-plus-hd-720p-p745650.html,,,
92,Qihoo G300 (B),QIHOO,QIHOO_G300,9486800081288,4390582398418,1,1278000,https://tiki.vn/camera-hanh-trinh-qihoo-360-dash-cam-g300-full-hd-hang-chinh-hang-p10153290.html,,,
93,Qihoo J511C (B),QIHOO,QIHOO-J511C-B,8842757647907,6440406999418,1,1620000,https://tiki.vn/camera-hanh-trinh-360-qihoo-gj511c-kem-the-nho-16gb-hang-phan-phoi-chinh-thuc-p10011782.html,,,
94,Qihoo D621 (W),QIHOO,QIHOO-D621,2278043746591,5673297064069,1,1481000,https://tiki.vn/camera-ip-wifi-360-qihoo-d621-2mp-hang-phan-phoi-chinh-thuc-p10010413.html,,,
95,Qihoo G300 (B),QIHOO,QIHOO-G300-B,1818336430977,8072861811639,1,1278000,https://tiki.vn/camera-hanh-trinh-360-qihoo-g300-p10010127.html,,,
96,Qihoo D706 (W),QIHOO,QIHOO-D706,2943450017250,7132369166141,1,1010000,https://tiki.vn/camera-ip-wifi-360-qihoo-d706-2mp-hang-phan-phoi-chinh-thuc-p10010100.html,,,
97,Qihoo Cloud-30,QIHOO,QIHOO-CLOUD-30,8300834263698,9356423677260,1,1320000,https://tiki.vn/the-cloud-cho-camera-qihoo-luu-30-ngay-su-dung-12-thang-p10009409.html,,,
98,Qihoo D606 (W),QIHOO,QIHOO-D606,1492737184129,1805028025962,1,839000,https://tiki.vn/camera-ip-wifi-360-qihoo-d606-2mp-hang-phan-phoi-chinh-thuc-p10009396.html,,,
99,Qihoo Cloud-7,QIHOO,QIHOO-CLOUD-7,5413056747921,5798455481943,1,560000,https://tiki.vn/the-cloud-cho-camera-qihoo-luu-7-ngay-su-dung-12-thang-p10009120.html,,,
100,Qihoo D603 (W),QIHOO,QIHOO-D603,6704545118575,8278218477040,1,528000,https://tiki.vn/camera-ip-wifi-360-qihoo-d603-1mp-hang-phan-phoi-chinh-thuc-p10008700.html,,,
101,Orico 2588US3 (S),Orico,ORICO-2588US3-S,8881818771120,3366361414236,1,150000,https://tiki.vn/hop-dung-o-cung-di-dong-hdd-box-orico-usb3-0-2-5-2588us3-nhua-cung-hang-chinh-hang-p311788.html,,,
102,Orico 2588US3 (Bl),Orico,ORICO-2588US3-BL,2260867459771,3363776407785,1,150000,https://tiki.vn/hop-dung-o-cung-di-dong-hdd-box-orico-usb3-0-2-5-2588us3-nhua-cung-hang-chinh-hang-p311788.html,,,
103,Orico UTS-12 (B),Orico,ORICO-UTS-12-B,2783428103291,8118640236580,0,106000,https://tiki.vn/day-cap-du-sac-dien-thoai-3-dau-lightning-micro-usb-type-c-orico-uts-12-bk-den-hang-chinh-hang-p6619187.html,,,
104,Orico UTS-12 (R),Orico,ORICO-UTS-12-R,8151006980338,4216398544064,1,106000,https://tiki.vn/day-cap-du-sac-dien-thoai-3-dau-lightning-micro-usb-type-c-orico-uts-12-bk-den-hang-chinh-hang-p6619187.html,,,
105,Orico EDC-10 (W),Orico,ORICO-EDC-10,3560388780125,2797950854064,1,69000,https://tiki.vn/cap-sac-dien-thoai-android-usb-2-0-orico-edc-10-1m-hang-chinh-hang-p9953490.html,,,
106,Orico SA2011.GY (B),Orico,ORICO-SA2011.GY,4458311530741,2724423341394,0,34000,https://tiki.vn/tui-bao-ve-dien-thoai-phu-kien-orico-sa2011-gy-p10814737.html,,,
107,Orico SA1810.GY (B),Orico,ORICO-SA1810.GY,1225548445475,8422163170406,0,29000,https://tiki.vn/tui-bao-ve-dien-thoai-phu-kien-orico-sa1810-gy-p10814521.html,,,
108,Orico DHTV-C20 (B),Orico,ORICO-DHTV-C20,5467938413848,1356621479831,1,231000,https://tiki.vn/bo-chuyen-hdmi-sang-vga-orico-dhtv-c20-hang-chinh-hang-p311751.html,,,
109,Orico H7013-U3-AD (B),Orico,ORICO-H7013-U3-AD-B,9598060371709,3925650403193,0,364000,https://tiki.vn/hub-usb-3-0-orico-7-cong-h7013-u3-ad-p311944.html,,,
110,Orico PUG-C6-200,Orico,PUG-C6-200,6384159575867,8337261806433,1,149000,https://tiki.vn/cap-mang-cat-6-orico-pug-c6-hang-phan-phoi-chinh-thuc-p10765817.html,,,
111,Orico PUG-C6-100,Orico,PUG-C6-100,5256389451505,5229904222836,0,92000,https://tiki.vn/cap-mang-cat-6-orico-pug-c6-hang-phan-phoi-chinh-thuc-p10765817.html,,,
112,Orico CHK-4U (W),Orico,ORICO-CHK-4U-WH-W,9403150291570,8626938301907,0,280000,https://tiki.vn/sac-dien-thoai-usb-4-cong-2-4a-orico-chk-4u-wh-p10523669.html,,,
113,Orico PHP35-V1 (O),Orico,ORICO-PHP35-V1-O,6948852019389,9323336453304,1,50000,https://tiki.vn/bao-bao-ve-o-cung-2-5-ssd-hdd-orico-php35-v1-p10541121.html,,,
114,Orico PHP35-V1 (Bl),Orico,ORICO-PHP35-V1-BL,4447329776791,3274126512922,0,50000,https://tiki.vn/bao-bao-ve-o-cung-2-5-ssd-hdd-orico-php35-v1-p10541121.html,,,
115,Orico PHP35-V1 (Gr),Orico,ORICO-PHP35-V1-GR,9139340802737,6695607934892,0,50000,https://tiki.vn/bao-bao-ve-o-cung-2-5-ssd-hdd-orico-php35-v1-p10541121.html,,,
116,Orico PHP35-V1 (Pi),Orico,ORICO-PHP35-V1-PI,9935015216096,9403073254911,1,50000,https://tiki.vn/bao-bao-ve-o-cung-2-5-ssd-hdd-orico-php35-v1-p10541121.html,,,
117,Orico ST3-BK,Orico,ORICO-ST3-BK,7034243065222,5053793333188,0,161000,https://tiki.vn/bo-cong-cu-vit-da-nang-orico-st3-bk-p10563544.html,,,
118,Orico UCL-2U,Orico,ORICO-UCL-2U,9562368296606,1369899455162,0,96000,https://tiki.vn/sac-xe-hoi-orico-ucl-2u-2-cong-usb-p311579.html,,,
119,Orico UCH-Q3 (W),Orico,ORICO-UCH-Q3-W,8090724605416,1360088480057,0,275000,https://tiki.vn/sac-xe-hoi-orico-uch-q3-3-cong-usb-p311552.html,,,
120,Orico UCH-Q3 (B),Orico,ORICO-UCH-Q3-B,3081054446478,1364495268253,0,275000,https://tiki.vn/sac-xe-hoi-orico-uch-q3-3-cong-usb-p311552.html,,,
121,Orico UCM-2U (S),Orico,ORICO-UCM-2U-S,5306863285499,1367605903068,0,105000,https://tiki.vn/sac-xe-hoi-orico-ucm-2u-2-cong-usb-p311534.html,,,
122,Orico UCM-2U (Go),Orico,ORICO-UCM-2U-GO,2968983765133,1369323885152,0,105000,https://tiki.vn/sac-xe-hoi-orico-ucm-2u-2-cong-usb-p311534.html,,,
123,Orico DUB-12P (B),Orico,ORICO-DUB-12P-B,8070897416637,1368494899722,0,1126000,https://tiki.vn/sac-dien-thoai-orico-usb-12-cong-2-4a-dub-12p-p575235.html,,,
124,Orico DUK-10P (W),Orico,ORICO-DUK-10P-W,8414919528685,1363972636974,0,1577000,https://tiki.vn/sac-dien-thoai-orico-usb-10-cong-2-4a-duk-10p-p575227.html,,,
125,Orico TSL-6U (W),Orico,ORICO-TSL-6U-W,5938860560431,1361659355408,0,567000,https://tiki.vn/sac-dien-thoai-orico-usb-6-cong-typec-tsl-6u-p575212.html,,,
126,Orico QSE-6U (B),Orico,ORICO-QSE-6U-B,6637670978243,1364497060886,0,529000,https://tiki.vn/sac-dien-thoai-orico-usb-6-cong-qse-6u-p575181.html,,,
127,Orico QSE-4U (B),Orico,ORICO-QSE-4U-BK-B,7947788858528,1365436119993,1,453000,https://tiki.vn/sac-dien-thoai-orico-usb-4-cong-qse-4u-p311462.html,,,
128,Orico ASK-4U (W),Orico,ORICO-ASK-4U-W,8095711169438,1368570281427,0,302000,https://tiki.vn/sac-dien-thoai-orico-usb-4-cong-2-4a-ask-4u-p575165.html,,,
129,Orico S4U (W),Orico,ORICO-S4U-W,3806968726818,1369227957177,1,269000,https://tiki.vn/sac-dien-thoai-orico-usb-4-cong-2-4a-s4u-p311438.html,,,
130,Orico CBT-5S,Orico,ORICO-CBT-5S,9431676290685,9075053731738,0,120000,https://tiki.vn/bo-5-day-quan-cap-da-nang-orico-cbt-5s-5-mau-p5936569.html,,,
131,Orico ST2-BK,Orico,ORICO-ST2-BK,5934900973391,5946009556887,0,255000,https://tiki.vn/bo-tua-vit-da-nang-orico-st2-bk-dung-sua-chua-laptop-dien-thoai-hang-chinh-hang-p9935027.html,,,
132,Orico ST1-BK,Orico,ORICO-ST1-BK,8818410808114,1660534804285,0,150000,https://tiki.vn/bo-tua-vit-da-nang-orico-st1-bk-dung-sua-chua-laptop-dien-thoai-hang-chinh-hang-p9934610.html,,,
133,Orico S4U (B),Orico,ORICO-S4U-B,9499668450462,1369418831958,0,269000,https://tiki.vn/sac-dien-thoai-orico-usb-4-cong-2-4a-s4u-p311438.html,,,
134,Orico DCV-4U (B),Orico,ORICO-DCV-4U-B,7867608696133,1362178195162,0,187000,https://tiki.vn/adapter-sac-dien-thoai-orico-usb-4-cong-2-4a-dcv-4u-hang-chinh-hang-p311427.html,,,
135,Orico DCV-4U (W),Orico,ORICO-DCV-4U-W,2273417800886,1362016396140,0,187000,https://tiki.vn/adapter-sac-dien-thoai-orico-usb-4-cong-2-4a-dcv-4u-hang-chinh-hang-p311427.html,,,
136,Orico PHL-25 (B),Orico,ORICO-PHL-25,7128148597909,3361922718877,1,63000,https://tiki.vn/hop-dung-tai-nghe-cap-sac-pin-sac-du-phong-o-cung-orico-phl-25-hang-chinh-hang-p684054.html,,,
137,Orico PHB-25 (Pi),Orico,,5961555457785,3369470111607,0,63000,https://tiki.vn/hop-dung-tai-nghe-cap-sac-pin-sac-du-phong-o-cung-orico-phb-25-hang-chinh-hang-p311969.html,,,
138,Orico PHB-25 (Bl),Orico,,3759852532012,3369406831982,1,63000,https://tiki.vn/hop-dung-tai-nghe-cap-sac-pin-sac-du-phong-o-cung-orico-phb-25-hang-chinh-hang-p311969.html,,,
139,Orico PHB-25 (B),Orico,,1372599950363,3363464111888,1,63000,https://tiki.vn/hop-dung-tai-nghe-cap-sac-pin-sac-du-phong-o-cung-orico-phb-25-hang-chinh-hang-p311969.html,,,
140,Orico DCW-4U (W),Orico,ORICO-DCW-4U-B,4390889877265,1369496524216,0,296000,https://tiki.vn/sac-dien-thoai-orico-usb-4-cong-2-4a-dcw-4u-p311346.html,,,
141,Orico PHD-25 (R),Orico,,9286367389502,3365439321865,1,63000,https://tiki.vn/hop-dung-tai-nghe-cap-sac-pin-sac-du-phong-o-cung-orico-phd-25-hang-chinh-hang-p311940.html,,,
142,Orico PHD-25 (G),Orico,,8205951672111,3368290616446,1,63000,https://tiki.vn/hop-dung-tai-nghe-cap-sac-pin-sac-du-phong-o-cung-orico-phd-25-hang-chinh-hang-p311940.html,,,
143,Orico CSE-6U (B),Orico,ORICO-CSE-6U-BK-B,4562127394036,1362505089645,0,431000,https://tiki.vn/sac-dien-thoai-orico-usb-6-cong-2-4a-cse-6u-p575051.html,,,
144,Orico PHD-25 (Pu),Orico,,9477772868137,3368176798891,1,63000,https://tiki.vn/hop-dung-tai-nghe-cap-sac-pin-sac-du-phong-o-cung-orico-phd-25-hang-chinh-hang-p311940.html,,,
145,Orico CSE-4U (W),Orico,ORICO-CSE-4U-WH-W,1214801431676,1367967078817,0,367000,https://tiki.vn/sac-dien-thoai-orico-usb-4-cong-2-4a-cse-4u-p575043.html,,,
146,Orico PHD-25 (Bl),Orico,,5426593468945,3360693004639,1,63000,https://tiki.vn/hop-dung-tai-nghe-cap-sac-pin-sac-du-phong-o-cung-orico-phd-25-hang-chinh-hang-p311940.html,,,
147,Orico PHD-25 (B),Orico,,2594362916751,3360012338650,1,63000,https://tiki.vn/hop-dung-tai-nghe-cap-sac-pin-sac-du-phong-o-cung-orico-phd-25-hang-chinh-hang-p311940.html,,,
148,Orico BTA-408 (Bl),Orico,ORICO-BTA-408-BL,7694340363180,1524337435445,1,150000,https://tiki.vn/thiet-bi-ket-noi-bluetooth-orico-4-0-qua-usb-bta-408-p311655.html,,,
149,Orico BTA-408 (R),Orico,ORICO-BTA-408-R,6777939321752,1524658717138,1,150000,https://tiki.vn/thiet-bi-ket-noi-bluetooth-orico-4-0-qua-usb-bta-408-p311655.html,,,
150,Orico BTA-408 (O),Orico,ORICO-BTA-408-O,3161742532727,1526569165060,0,150000,https://tiki.vn/thiet-bi-ket-noi-bluetooth-orico-4-0-qua-usb-bta-408-p311655.html,,,
151,Orico BTA-408 (Pi),Orico,ORICO-BTA-408-PI,2287500610085,1527277056459,0,150000,https://tiki.vn/thiet-bi-ket-noi-bluetooth-orico-4-0-qua-usb-bta-408-p311655.html,,,
152,Orico BTA-408 (Y),Orico,ORICO-BTA-408-Y,5979710998295,8909756785198,1,150000,https://tiki.vn/thiet-bi-ket-noi-bluetooth-orico-4-0-qua-usb-bta-408-p311655.html,,,
153,Orico DSP-4U (W),Orico,ORICO-DSP-4U-WH-W,5785666250970,1363333378192,1,431000,https://tiki.vn/adapter-sac-dien-thoai-orico-usb-4-cong-2-4a-universal-dsp-4u-hang-chinh-hang-p574986.html,,,
154,Orico WHA-2U (W),Orico,ORICO-WHA-2U-WH-W,4132409076488,5525347595576,0,109000,https://tiki.vn/sac-dien-thoai-usb-2-cong-2-4a-sac-nhanh-orico-wha-2u-wh-trang-hang-chinh-hang-p9844670.html,,,
155,Orico BTA-408 (W),Orico,ORICO-BTA-408-W,1001937150300,6611013298427,1,150000,https://tiki.vn/thiet-bi-ket-noi-bluetooth-orico-4-0-qua-usb-bta-408-p311655.html,,,
156,Orico BTA-408 (B),Orico,ORICO-BTA-408-B,1224037119200,1971738431451,1,150000,https://tiki.vn/thiet-bi-ket-noi-bluetooth-orico-4-0-qua-usb-bta-408-p311655.html,,,
157,Orico BTA-403 (R),Orico,ORICO-BTA-403-R,8387453589651,5652902786091,1,112000,https://tiki.vn/thiet-bi-ket-noi-bluetooth-4-0-qua-usb-orico-bta-403-p7948057.html,,,
158,Orico BTA-403 (Bl),Orico,ORICO-BTA-403-BL,2784139865225,1050927639066,1,112000,https://tiki.vn/thiet-bi-ket-noi-bluetooth-4-0-qua-usb-orico-bta-403-p7948057.html,,,
159,Orico BTA-403 (W),Orico,ORICO-BTA-403-W,4820846222031,5094910047465,1,112000,https://tiki.vn/thiet-bi-ket-noi-bluetooth-4-0-qua-usb-orico-bta-403-p7948057.html,,,
160,Orico BTA-403 (B),Orico,ORICO-BTA-403-B,4145376716103,6579528406556,1,112000,https://tiki.vn/thiet-bi-ket-noi-bluetooth-4-0-qua-usb-orico-bta-403-p7948057.html,,,
161,Orico RCH3A-GD (Go),Orico,ORICO-RCH3A-GD-GO,5692542901041,1358887522269,1,980000,https://tiki.vn/bo-chuyen-doi-usb-type-c-sang-type-c-usb3-0-hdmi-orico-rch-3a-hang-chinh-hang-p1078676.html,,,
162,Orico RCR2A-GD (Go),Orico,ORICO-RCR2A-GD-GO,7748232527294,1357878708682,0,1013000,https://tiki.vn/bo-chuyen-doi-usb-type-c-sang-type-c-usb3-0-ethernet-orico-rcr-2a-hang-chinh-hang-p1078674.html,,,
163,Orico RCV-GD (Go),Orico,ORICO-RCV-GD-GO,5083167032621,1359210714450,0,357000,https://tiki.vn/dau-chuyen-doi-type-c-sang-vga-orico-rcv-gd-hang-chinh-hang-p1036596.html,,,
164,Orico RCH-GD (Go),Orico,ORICO-RCH-GD-GO,2014466235591,1351128004319,1,429000,https://tiki.vn/dau-chuyen-doi-type-c-sang-hdmi-orico-rch-gd-hang-chinh-hang-p1036334.html,,,
165,Orico CTM1-SV (S),Orico,ORICO-CTM1-SV-S,4401135114574,1351515018608,1,69000,https://tiki.vn/bo-chuyen-micro-usb-type-b-sang-type-c-orico-ctm1-sv-hang-chinh-hang-p682547.html,,,
166,Orico DMP3D (W),Orico,ORICO-DMP3D,2020265336957,1354125757936,0,198000,https://tiki.vn/bo-chuyen-display-port-sang-dvi-orico-dmp3d-hang-chinh-hang-p311742.html,,,
167,Orico DMP3V (W),Orico,ORICO-DMP3V,9099478457233,1354413021022,1,275000,https://tiki.vn/bo-chuyen-display-port-sang-vga-orico-dmp3v-hang-chinh-hang-p311739.html,,,
168,Orico DMP3H (W),Orico,ORICO-DMP3H,7384951658675,1353736993511,0,221000,https://tiki.vn/bo-chuyen-mini-display-port-sang-hdmi-orico-dmp3h-hang-chinh-hang-p311733.html,,,
169,Orico DU3V (B),Orico,ORICO-DU3V,8839284813271,1356877746213,0,1075000,https://tiki.vn/bo-chuyen-usb-3-0-sang-cong-vga-orico-du3v-hang-chinh-hang-p682307.html,,,
170,Orico UTJ-U2 (B),Orico,ORICO-UTJ-U2,5576267311005,8726030403414,0,183000,https://tiki.vn/bo-chuyen-usb-2-0-sang-cong-lan-orico-utj-u2-usb-to-lan-hang-chinh-hang-p9358144.html,,,
171,Orico UTJ-U3 (B),Orico,ORICO-UTJ-U3,5507283519892,7506201839058,1,302000,https://tiki.vn/bo-chuyen-usb-3-0-sang-cong-lan-giga-orico-utj-u3-hang-chinh-hang-p682191.html,,,
172,Orico UTS-12 (B),Orico,,8816209875354,5967127779545,0,106000,https://tiki.vn/cap-sac-dien-thoai-3-trong-1-lightning-type-c-micro-b-usb-2-0-mau-ngau-nhien-p9359889.html,,,
173,Orico UTS-12 (Bl),Orico,,7785529580730,5967127779545,0,106000,https://tiki.vn/cap-sac-dien-thoai-3-trong-1-lightning-type-c-micro-b-usb-2-0-mau-ngau-nhien-p9359889.html,,,
174,Orico HCU-10 (Y),Orico,ORICO-HCU-10-Y,9863974558240,1358904736013,0,117000,https://tiki.vn/cap-sac-type-c-2-0-orico-hcu-10-1m-hang-chinh-hang-p683902.html,,,
175,Orico UTS-12 (Bl),Orico,ORICO-UTS-12-BL,5391207873524,5967127779545,1,106000,https://tiki.vn/cap-sac-dien-thoai-3-trong-1-lightning-type-c-micro-b-usb-2-0-mau-ngau-nhien-p9359889.html,,,
176,Orico HCU-10 (Pi),Orico,ORICO-HCU-10-PI,1786395166932,1354004013320,0,117000,https://tiki.vn/cap-sac-type-c-2-0-orico-hcu-10-1m-hang-chinh-hang-p683902.html,,,
177,Orico PUG-C6-20,Orico,ORICO-PUG-C6-20,4650712544505,7447293564940,1,39000,https://tiki.vn/day-cap-mang-orico-pug-c6-20-cat6-2m-hang-chinh-hang-p1821405.html,,,
178,Orico HCU-10 (Gr),Orico,ORICO-HCU-10-GR,4168204147214,1353961093086,0,117000,https://tiki.vn/cap-sac-type-c-2-0-orico-hcu-10-1m-hang-chinh-hang-p683902.html,,,
179,Orico PUG-C6-30,Orico,ORICO-PUG-C6-30,3643330309688,3498717270033,1,45000,https://tiki.vn/day-cap-mang-orico-pug-c6-30-cat6-3m-hang-chinh-hang-p1822173.html,,,
180,Orico HCU-10 (W),Orico,ORICO-HCU-10-W,4180537134877,1352675556610,0,117000,https://tiki.vn/cap-sac-type-c-2-0-orico-hcu-10-1m-hang-chinh-hang-p683902.html,,,
181,Orico PUG-C6-50,Orico,ORICO-PUG-C6-50,2117018921000,8960640010413,1,55000,https://tiki.vn/day-cap-mang-orico-pug-c6-50-cat6-5m-hang-chinh-hang-p1822397.html,,,
182,Orico PUG-C6-100,Orico,ORICO-PUG-C6-100,8613952753638,4484558117612,1,92000,https://tiki.vn/day-cap-mang-orico-pug-c6-100-cat6-10m-hang-phan-phoi-chinh-thuc-p1822419.html,,,
183,Orico ECU-10 (B),Orico,ORICO-ECU-10,4880544223242,1357576848765,0,45000,https://tiki.vn/cap-sac-type-c-2-0-orico-ecu-10-1m-hang-chinh-hang-p683758.html,,,
184,Orico PUG-C6-150,Orico,ORICO-PUG-C6-150,3508889272084,2661125360165,1,116000,https://tiki.vn/day-cap-mang-orico-pug-c6-150-cat6-15m-hang-chinh-hang-p1822435.html,,,
185,Orico PUG-C6-200,Orico,ORICO-PUG-C6-200,6241285939126,6148630299419,1,149000,https://tiki.vn/day-cap-mang-orico-pug-c6-200-cat6-20m-hang-phan-phoi-chinh-thuc-p1822445.html,,,
186,Orico PUG-C6-300,Orico,,1329836875521,7262003658432,1,201000,https://tiki.vn/cap-mang-cat-6-dai-30m-orico-pug-c6-300-p10411522.html,,,
187,Orico ADC-10-V2 (B),Orico,ORICO-ADC-10-V2-B,3139935137226,1359865155059,1,53000,https://tiki.vn/cap-sac-micro-usb-orico-adc-10-v2-1m-hang-chinh-hang-p683575.html,,,
188,Orico ADC-10-V2 (W),Orico,ORICO-ADC-10-V2-W,5398221588083,1358444543072,1,53000,https://tiki.vn/cap-sac-micro-usb-orico-adc-10-v2-1m-hang-chinh-hang-p683575.html,,,
189,Orico IDC-10,Orico,ORICO-IDC-10,2598135338368,1356788012902,0,248000,https://tiki.vn/cap-sac-lightning-orico-idc-10-1m-hang-chinh-hang-p683490.html,,,
190,Orico LTF-10 (Go),Orico,ORICOLTF-10,8720279668481,1353981952837,0,80000,https://tiki.vn/cap-sac-lightning-orico-ltf-10-1m-hang-chinh-hang-p683416.html,,,
191,Orico PUG-C7-50,Orico,ORICO-PUG-C7-50,7373491839781,6313918945856,0,124000,https://tiki.vn/day-cap-mang-orico-cat7-pug-c7-50-bk-den-5m-hang-chinh-hang-p4027551.html,,,
192,Orico LTF-10 (S),Orico,ORICO-LTF-10-GO,4227750537563,1358459999031,1,80000,https://tiki.vn/cap-sac-lightning-orico-ltf-10-1m-hang-chinh-hang-p683416.html,,,
193,Orico PUG-C7-80,Orico,ORICO-PUG-C7-80,4533712530245,9998346875530,1,176000,https://tiki.vn/day-cap-mang-orico-cat7-pug-c7-80-bk-den-8m-hang-chinh-hang-p4027553.html,,,
194,Orico PUG-C7-100,Orico,ORICO-PUG-C7-100,3951980331271,4925525596028,0,217000,https://tiki.vn/day-cap-mang-orico-cat7-pug-c7-100-bk-den-10m-hang-chinh-hang-p4027555.html,,,
195,Orico PUG-C7-150,Orico,ORICO-PUG-C7-150,4411380286308,1009245102646,1,296000,https://tiki.vn/day-cap-mang-orico-cat7-pug-c7-150-bk-den-15m-hang-chinh-hang-p4027557.html,,,
196,Orico PUG-C7-200,Orico,ORICO-PUG-C7-200,1231241690678,4749877416731,1,389000,https://tiki.vn/day-cap-mang-orico-cat7-pug-c7-200-bk-den-20m-hang-chinh-hang-p4027559.html,,,
197,Orico HM14-80-BK,Orico,ORICO-HM14-80-BK,2469056839213,8870678723097,1,236000,https://tiki.vn/cap-noi-dai-hdmi-ver1-4-orico-hm14-80-bk-8m-hang-chinh-hang-p1543835.html,,,
198,Orico PUG-C7-300,Orico,ORICO-PUG-C7-300,9893124381664,6239770068116,1,582000,https://tiki.vn/day-cap-mang-orico-cat7-pug-c7-300-bk-den-30m-hang-chinh-hang-p4027561.html,,,
199,Orico HM14-40-BK,Orico,ORICO-HM14-40-BK,7002127573323,2937704347422,0,129000,https://tiki.vn/cap-noi-dai-hdmi-ver1-4-orico-hm14-40-bk-4m-hang-chinh-hang-p1543365.html,,,
200,Orico HM14-15-BK,Orico,ORICO-HM14-15-BK,5802117613808,1358426733859,1,94000,https://tiki.vn/cap-noi-hdmi-orico-hm14-15-bk-1-5m-hang-chinh-hang-p682656.html,,,
201,Orico HD303-30-BK,Orico,ORICO-HD303-30-BK,1549251392094,5834172466686,0,137000,https://tiki.vn/cap-noi-dai-hdmi-chuan-2-0-orico-hd303-30-bk-chieu-dai-3m-hang-chinh-hang-mau-den-p6327465.html,,,
202,Orico HD303-20-BK,Orico,ORICO-HD303-20-BK,3934254187972,9427836129117,1,107000,https://tiki.vn/cap-noi-dai-hdmi-chuan-2-0-orico-hd303-20-bk-chieu-dai-2m-hang-chinh-hang-mau-den-p6184675.html,,,
203,Orico HD303-15-BK,Orico,ORICO-HD303-15-BK,6471722507650,4659730983709,0,100000,https://tiki.vn/cap-noi-dai-hdmi-chuan-2-0-orico-hd303-15-bk-chieu-dai-1-5m-hang-chinh-hang-mau-den-p6184371.html,,,
204,Orico K10000 (B),Orico,ORICO-K10000-B,9711861826845,7687051709019,1,392000,https://tiki.vn/pin-sac-du-phong-orico-k10000-10-000-mah-qc3-0-type-c-hang-chinh-hang-p1826263.html,,,
205,Orico K10000 (W),Orico,ORICO-K10000-W,2097930935975,8637830412578,0,392000,https://tiki.vn/pin-sac-du-phong-orico-k10000-10-000-mah-qc3-0-type-c-hang-chinh-hang-p1826263.html,,,
206,Orico LD100 (W),Orico,ORICO-LD100-W,4535591737388,1448665413602,0,291000,https://tiki.vn/pin-sac-du-phong-orico-10000mah-ld100-hang-chinh-hang-p860096.html,,,
207,Orico LD100 (Pi),Orico,ORICO-LD100-PI,7051609744973,1441490039894,0,291000,https://tiki.vn/pin-sac-du-phong-orico-10000mah-ld100-hang-chinh-hang-p860096.html,,,
208,Orico LD100 (Br),Orico,ORICO-LD100-BR,7924215250773,1444716401420,0,291000,https://tiki.vn/pin-sac-du-phong-orico-10000mah-ld100-hang-chinh-hang-p860096.html,,,
209,Orico HD303-10-BK,Orico,ORICO-HD303-10-BK,4113519038566,3122623463028,0,86000,https://tiki.vn/cap-noi-dai-hdmi-chuan-2-0-orico-hd303-10-bk-chieu-dai-1m-hang-chinh-hang-mau-den-p5948007.html,,,
210,Orico CER3-15,Orico,ORICO-CER3-15,9646363856345,2864084437217,1,80000,https://tiki.vn/cap-noi-chuan-usb-3-0-sang-usb-3-0-orico-cer3-15-dai-1-5m-p9266173.html,,,
211,Orico LX12500 (B),Orico,ORICO-LX12500,5579398279466,1449715517455,0,580000,https://tiki.vn/pin-sac-du-phong-orico-12500-mah-x12500-hang-chinh-hang-p860880.html,,,
212,Orico LE12000 (W),Orico,ORICO-LE12000,7650184960114,1440093856587,0,356000,https://tiki.vn/pin-sac-du-phong-orico-12000mah-le12000-hang-chinh-hang-p860206.html,,,
213,Orico W5PH4-U3 (B),Orico,ORICO-W5PH4-U3,4304484454967,9239076007991,1,156000,https://tiki.vn/hub-usb-3-0-orico-w5ph4-u3-4-cong-hang-chinh-hang-p1939675.html,,,
214,Orico W6PH4 (B),Orico,ORICO-W6PH4,1739704955871,3920373651494,0,213000,https://tiki.vn/hub-usb-3-0-orico-4-cong-w6ph4-p575557.html,,,
215,Orico W8PH4 (B),Orico,ORICO-W8PH4,5682403119043,7772142483111,0,215000,https://tiki.vn/hub-usb-3-0-orico-4-cong-w8ph4-hang-chinh-hang-p311933.html,,,
216,Orico W9PH4 (B),Orico,ORICO-W9PH4,9657785456266,3926453072005,0,280000,https://tiki.vn/hub-usb-3-0-orico-4-cong-w9ph4-hang-chinh-hang-p681339.html,,,
217,Orico W5P-U3-30 (B),Orico,ORICO-W5P-U3-30,7834587889801,3926380667916,1,150000,https://tiki.vn/hub-usb-3-0-orico-4-cong-w5p-u3-hang-chinh-hang-p745618.html,,,
218,Orico ASH7-U3 (W),Orico,ORICO-H7013-U3-AD,8110245022339,3926878965289,0,685000,https://tiki.vn/hub-usb-3-0-orico-7-cong-ash7-u3-hang-chinh-hang-p575202.html,,,
219,Orico W5P-U2-30 (B),Orico,ORICO-W5P-U2-30,2122692919465,6191224087688,1,99000,https://tiki.vn/bo-chia-usb-4-port-orico-w5p-u2-30-den-p7886814.html,,,
220,Orico H4013-U2-03 (Gr),Orico,ORICO-H4013-U2-03-GR,8316102569225,3923332415298,0,110000,https://tiki.vn/hub-usb-2-0-orico-4-cong-h4013-u2-03-p311851.html,,,
221,Orico H4013-U2-03 (W),Orico,ORICO-H4013-U2-03-W,4760093488173,3923427217776,0,110000,https://tiki.vn/hub-usb-2-0-orico-4-cong-h4013-u2-03-p311851.html,,,
222,Orico H4013-U2-03 (B),Orico,ORICO-H4013-U2-03-B,5696661201594,3921590530449,0,110000,https://tiki.vn/hub-usb-2-0-orico-4-cong-h4013-u2-03-p311851.html,,,
223,Orico M3H4-V1 (W),Orico,ORICO-M3H4-V1,8132728646016,3924150925914,1,328000,https://tiki.vn/hub-usb-3-0-orico-4-cong-m3h4-v1-hang-chinh-hang-p575604.html,,,
224,Orico M3H7-V1 (W),Orico,ORICO-M3H7-V1,4393948277662,9834667630697,0,712000,https://tiki.vn/bo-chia-hub-usb-3-0-orico-m3h7-v1-7-cong-p311549.html,,,
225,Orico AS7C2 (B),Orico,ORICO-AS7C2,4923817790031,8912652877980,0,861000,https://tiki.vn/bo-chia-hub-usb-3-0-orico-as7c2-7-cong-p311594.html,,,
226,Orico M4U3 (W),Orico,ORICO-M4U3,3436208587581,3921641932130,0,275000,https://tiki.vn/hub-usb-3-0-orico-4-cong-m4u3-hang-chinh-hang-p575383.html,,,
227,Orico ARH4-U3 (S),Orico,ORICO-ARH4-U3,9816788637830,7539811750499,1,421000,https://tiki.vn/bo-chia-usb-hub-4-cong-orico-arh4-u3-usb-3-0-type-c-hang-chinh-hang-p9934338.html,,,
228,Orico ASH7-U3 (W),Orico,ORICO-ASH7-U3,6297799836833,5185744708889,0,685000,https://tiki.vn/bo-chia-usb-hub-7-cong-usb-3-0-type-c-orico-ash7-u3-hang-chinh-hang-p9934291.html,,,
229,Orico ASH4-U3 (W),Orico,ORICO-ASH4-U3,3019167987335,5865286424422,1,391000,https://tiki.vn/bo-chia-usb-hub-4-cong-usb-3-0-type-c-orico-ash4-u3-hang-chinh-hang-p9934254.html,,,
230,Orico H3TS-U2 (B),Orico,ORICO-H3TS-U2,3394256911034,2370792291886,0,134000,https://tiki.vn/bo-chia-usb-hub-3-cong-usb-2-0-tich-hop-dau-doc-the-nho-tf-sd-orcio-h3ts-u2-p7887351.html,,,
231,Orico SHC-U3 (B),Orico,ORICO-SHC-U3,5230619867199,3928333032710,1,253000,https://tiki.vn/hub-usb-3-0-orico-4-cong-shc-u3-p311429.html,,,
232,Orico H3TS-U3 (B),Orico,ORICO-H3TS-U3,1312899359749,7223582949243,0,269000,https://tiki.vn/bo-chia-hub-usb-3-0-type-c-orico-ch3sf-3-cong-tich-hop-dau-doc-the-nho-tf-sd-p311673.html,,,
233,Orico HR01-U3 (B),Orico,ORICO-HR01-U3,2004279391751,3922253407641,0,388000,https://tiki.vn/hub-usb-3-0-orico-3-cong-hr01-u3-hang-chinh-hang-p681306.html,,,
234,Orico 3588US3,Orico,,1347798170935,3368519967663,1,323000,https://tiki.vn/hop-o-cung-3-5-va-2-5-sata-3-usb-3-0-type-c-orico-3588us3-p10405785.html,,,
235,Orico TC4U-U3 (S),Orico,,9159748364453,2606586620250,0,265000,https://tiki.vn/bo-chia-4-cong-usb-3-0-orico-tc4u-u3-sv-hang-chinh-hang-p1827483.html,,,
236,Orico 3588C3,Orico,Orico-3588C3,8980926011859,3368684234911,0,454000,https://tiki.vn/hdd-box-orico-usbtypec-3-5-2-5-3588c3-p575502.html,,,
237,Orico 6218US3,Orico,,9823155977734,3364910825717,0,296000,https://tiki.vn/de-o-cung-docking-1-khe-cam-3-5-va-2-5-sata-3-usb-3-0-orico-6218us3-p9308646.html,,,
238,Orico 6228US3-C,Orico,,6508656653150,3369023481539,1,604000,https://tiki.vn/de-cam-o-cung-2-cong-orico-6228us3-dock-o-cung-2-5-3-5-hang-chinh-hang-p9317939.html,,,
239,Orico 35UTS,Orico,ORICO-35UTS,1778759687504,6615598428019,1,304000,https://tiki.vn/dau-doc-du-lieu-o-cung-3-5-va-2-5-sata-3-usb-3-0-orico-35uts-p3777689.html,,,
240,Orico 3139U3,Orico,Orico-3139U3,3072242460338,6205358758984,0,348000,https://tiki.vn/hop-dung-o-cung-di-dong-hdd-box-3-5-inch-orico-3139u3-hang-chinh-hang-p1036160.html,,,
241,Orico 6518US3,Orico,,5553188673146,3361474744560,1,390000,https://tiki.vn/de-cam-o-cung-orico-6518us3-sata-3-usb-3-0-den-p9355285.html,,,
242,Orico 2789U3,Orico,ORICO-2789U3,3253977850490,8053920565564,0,215000,https://tiki.vn/hop-dung-o-cung-2-5-inch-ssd-hdd-sata-3-usb-3-0-orico-2789u3-ngau-nhien-hang-chinh-hang-p9462161.html,,,
243,Orico 2577U3,Orico,ORICO-2577U3,2905314672630,5782854631979,1,134000,https://tiki.vn/o-cung-hdd-box-orico-usb3-0-2-5-2577u3-hang-chinh-hang-p3831591.html,,,
244,Orico 2588US3 (B),Orico,,7967281673398,3366080129879,1,150000,https://tiki.vn/hop-dung-o-cung-2-5-ssd-hdd-sata-usb-3-0-orico-2588us3-hang-chinh-hang-p9742108.html,,,
245,Orico 6638US3-C,Orico,ORICO-6638US3-C,9044560690845,3361080524679,0,1360000,https://tiki.vn/hdd-box-orico-usb3-0-3-5-2-5-6638us3-c-p575554.html,,,
246,Orico 6648US3-C,Orico,,8100977242457,3366040974815,0,1847000,https://tiki.vn/de-o-cung-docking-4-khe-cam-3-5-va-2-5-sata-3-usb-3-0-orico-6648us3-c-p10405324.html,,,
247,Orico 2569S3-V1 (S),Orico,Orico-2569S3-V1,1696075667966,6505029458329,0,156000,https://tiki.vn/hop-o-cung-2-5-ssd-hdd-sata-3-usb-3-0-orico-2569s3-v1-p9416457.html,,,
248,Orico 2538U3,Orico,Orico-2538U3,1799789292131,6222441844553,0,194000,https://tiki.vn/box-dung-o-cung-2-5-orico-2538u3-cong-usb-3-0-hang-chinh-hang-p9461729.html,,,
249,Orico 2538C3,Orico,,6916430602681,4376705090223,0,307000,https://tiki.vn/hop-dung-o-cung-2-5-inch-ssd-hdd-sata-3-usb-3-0-type-c-orico-2538c3-hang-chinh-hang-p9461440.html,,,
250,Orico WS200RU3,Orico,ORICO-WS200RU3,2218796478578,7275874036537,0,2063000,https://tiki.vn/hop-dung-o-cung-hdd-2-khay-orico-3-5-usb-3-0-ws200ru3-eu-sv-bac-hang-chinh-hang-p6568741.html,,,
251,Orico WS500RU3,Orico,,3530616390921,8528153766908,0,4640000,https://tiki.vn/hop-dung-o-cung-hdd-5-khay-orico-3-5-usb-3-0-ws500ru3-eu-sv-bac-hang-chinh-hang-p6568775.html,,,
252,Orico 1106SS,Orico,,6789319063794,4468886837749,0,210000,https://tiki.vn/khay-o-cung-pc-orico-caddy-bay-3-5-sata-1-2-3-1106ss-p9286903.html,,,
253,Orico 2139U3,Orico,ORICO-2139U3,4788404881062,3364245433687,1,134000,https://tiki.vn/hop-dung-o-cung-di-dong-hdd-box-2-5-orico-2139u3-usb3-0-2-5-nhua-trong-suot-hang-chinh-hang-p575388.html,,,
254,Orico L127SS,Orico,,3442861735399,3365878679305,1,182000,https://tiki.vn/khay-o-cung-laptop-caddy-bay-2-5-sata-1-2-3-orico-l127ss-p8521806.html,,,
255,Orico L95SS,Orico,,5618687886357,3369309043017,1,182000,https://tiki.vn/khay-o-cung-laptop-caddy-bay-2-5-sata-1-2-3-orico-l95ss-p8556786.html,,,
256,Orico 2189U3,Orico,,8092988906087,3360744931174,0,136000,https://tiki.vn/hop-o-cung-2-5-ssd-hdd-sata-3-usb-3-0-orico-2189u3-p9285909.html,,,
257,Orico MSA-U3,Orico,Orico-MSA-U3,5148173657319,9568988688135,0,215000,https://tiki.vn/hop-dung-o-cung-2-5-inch-msata3-ssd-usb-3-0-orico-msa-u3-hang-chinh-hang-p9460403.html,,,
258,Orico 1106SS,Orico,,6172390102221,4468886837749,1,210000,https://tiki.vn/hotswap-cho-may-tinh-de-ban-orico-1106ss-den-hang-phan-phoi-chinh-hang-p9489025.html,,,
259,Orico L127SS,Orico,,2547264627270,3365878679305,1,182000,https://tiki.vn/khay-o-cung-laptop-caddy-bay-2-5-sata-1-2-3-orico-l127ss-p10401808.html,,,
260,Orico L95SS,Orico,,6066237063182,3369309043017,1,182000,https://tiki.vn/khay-o-cung-laptop-caddy-bay-2-5-sata-1-2-3-orico-l95ss-p10401617.html,,,
261,Sjcam M20,SJCAM,SJCAM-M20,2607309350003,5218352062293,1,,https://tiki.vn/camera-hanh-trinh-sjcam-m20-4k-wifi-hang-chinh-hang-p9805906.html,"https://www.lazada.vn/products/camera-hanh-trinh-sjcam-m20-4k-wifi-hang-phan-phoi-chinh-thuc-i256639268-s352078599.html

https://www.lazada.vn/products/camera-the-thao-sjcam-m20-den-i1634821-s2032508.html

https://www.lazada.vn/products/xa-kho-camera-hanh-trinh-hanh-dong-sjcam-m20-chat-luong-4k-chong-rung-tuyet-voi-tang-kem-1-gay-selfie-bao-hanh-12-thang-ho-tro-doi-tra-1-vs-1-i210127588-s262576794.html","https://shopee.vn/Camera-h%C3%A0nh-tr%C3%ACnh-SJCAM-M20-4K-wifi-B%E1%BA%A3o-h%C3%A0nh-12-th%C3%A1ng-i.52305609.1086373850

https://shopee.vn/Camera-h%C3%A0nh-tr%C3%ACnh-SJCAM-M20-b%E1%BA%A3o-h%C3%A0nh-12-th%C3%A1ng-h%E1%BB%97-tr%E1%BB%A3-%C4%91%E1%BB%95i-tr%E1%BA%A3-1-1-camera-h%C3%A0nh-%C4%91%E1%BB%99ng-4k-camera-h%C3%A0nh-tr%C3%ACnh-4k-wifi-i.23129214.2034074803","https://www.sendo.vn/camera-hanh-trinh-sjcam-m20-4k-wifi-hang-phan-phoi-chinh-thuc-13481344.html

https://www.sendo.vn/camera-ha-nh-tri-nh-sjcam-m20-6276570.html

https://www.sendo.vn/camera-hanh-trinh-sjcam-m20-9456444.html"
262,Sjcam M20 Air,SJCAM,SJCAM-M20-AIR,1199850624616,3460785481307,1,,https://tiki.vn/camera-hanh-trinh-sjcam-m20-air-full-hd-wifi-hang-chinh-hang-p9804000.html,"https://www.lazada.vn/products/camera-hanh-trinh-sjcam-m20-air-full-hd-wifi-hang-phan-phoi-chinh-thuc-i256306901-s351807426.html

https://www.lazada.vn/products/sjcam-m20-air-wifi-camera-the-thao-gia-re-i210771358-s263664766.html",https://shopee.vn/-M%C3%A3-ELMALL150-gi%E1%BA%A3m-10-%C4%91%C6%A1n-500K-Camera-h%C3%A0nh-tr%C3%ACnh-SJCAM-M20-AIR-H%C3%A3ng-ph%C3%A2n-ph%E1%BB%91i-ch%C3%ADnh-th%E1%BB%A9c-i.101818764.1743988520,"https://www.sendo.vn/camera-hanh-trinh-sjcam-m20-air-full-hd-wifi-hang-phan-phoi-chinh-thuc-13475856.html

https://www.sendo.vn/camera-hanh-trinh-sjcam-m20-9456444.html"
263,Sjcam SJ4000 (B),SJCAM,SJCAM-SJ4000-B,6059731644421,7606398035391,1,,https://tiki.vn/camera-hanh-trinh-sjcam-sj4000-12mp-full-hd-wifi-den-hang-chinh-hang-p10142998.html,"https://www.lazada.vn/products/camera-hanh-trinh-sjcam-sj4000-wifi-2-inch-hang-phan-phoi-chinh-thuc-i244147902-s312754825.html

https://www.lazada.vn/products/camera-hanh-trinh-hanh-dong-sjcam-sj4000-wifi-2-inch-chat-luong-full-hd-ho-tro-ghi-am-zoom-ma-hinh-chong-rung-cuc-tot-bao-hanh-12-thang-ho-tro-doi-tra-1-vs-1-i146275242-s152392237.html

https://www.lazada.vn/products/camera-sjcam-sj4000-wifi-12mp-full-hd-1080p-man-hinh-2-inch-i138439653-s141455090.html

https://www.lazada.vn/products/camera-hanh-trinh-sjcam-sj4000-wifi-chat-luong-full-hd-bao-hanh-12-thang-ho-tro-1-doi-1-ho-tro-zoom-man-hinh-ghi-am-ket-noi-wifi-voi-dien-thoai-i265390119-s381770248.html

https://www.lazada.vn/products/camera-hanh-trinh-camera-hanh-trinh-sjcam-sj4000-wifi-2-inch-ho-tro-ghi-am-chong-rung-chong-nuoc-cuc-tot-sale-50-bao-hanh-uy-tin-boi-good-365-i294580151-s468934861.html","https://shopee.vn/Camera-ha%CC%80nh-tri%CC%80nh-camera-h%C3%A0nh-%C4%91%E1%BB%99ng-SJCAM-SJ4000-wifi-2-inch-ch%E1%BA%A5t-l%C6%B0%E1%BB%A3ng-full-HD-b%E1%BA%A3o-h%C3%A0nh-12-th%C3%A1ng-%C4%91%E1%BB%95i-tr%E1%BA%A3-1-vs-1-i.52305609.1112228569

https://shopee.vn/Camera-ha%CC%80nh-tri%CC%80nh-camera-h%C3%A0nh-%C4%91%E1%BB%99ng-SJCAM-SJ4000-wifi-2-inch-ch%E1%BA%A5t-l%C6%B0%E1%BB%A3ng-full-HD-b%E1%BA%A3o-h%C3%A0nh-12-th%C3%A1ng-%C4%91%E1%BB%95i-tr%E1%BA%A3-1-vs-1-i.52305609.1112228569

https://shopee.vn/Camera-H%C3%A0nh-%C4%90%E1%BB%99ng-Th%C3%AA%CC%89-Thao-SJCAM-SJ4000-Wifi-12MP-T%E1%BA%B7ng-K%C3%A8m-Ch%C3%A2n-%C4%90%E1%BA%BF-Tripod-Ch%E1%BA%A5t-L%C6%B0%E1%BB%A3ng-Cao-3110-i.3994816.621440182","https://www.sendo.vn/camera-ha-nh-do-ng-sjcam-sj4000-wifi-2-inch-version-mo-i-nha-t-8058636.html

https://www.sendo.vn/sjcam-sj4000-wifi-man-hinh-2inch-full-phu-kien-7533292.html

https://www.sendo.vn/camera-hanh-trinh-sjcam-sj4000-wifi-chi-nh-ha-ng-gia-re-17502788.html

https://www.sendo.vn/sjcam-sj4000-wifi-man-hinh-20-full-phu-kien-bao-hanh-12-thang-7533352.html"
264,Sjcam SJ4000 Air,SJCAM,SJCAM-SJ4000-AIR,2691606262503,7643531111055,1,,https://tiki.vn/camera-hanh-trinh-sjcam-sj4000-air-hang-chinh-hang-p10026885.html,"https://www.lazada.vn/products/camera-hanh-trinh-sjcam-sj4000-air-hang-phan-phoi-chinh-thuc-i244149592-s312749977.html

https://www.lazada.vn/products/camera-hanh-trinh-sjcam-sj4000-air-4k-wifi-i258724807-s359468285.html

https://www.lazada.vn/products/camera-hanh-trinh-sjcam-sj4000-air-bao-hanh-12-thang-the-gioi-dien-may-i295630736-s471480579.html","https://shopee.vn/-M%C3%A3-ELMALL150-gi%E1%BA%A3m-10-%C4%91%C6%A1n-500K-Camera-h%C3%A0nh-tr%C3%ACnh-SJCAM-SJ4000-AIR-4K-(%C4%90en)-H%C3%A3ng-ph%C3%A2n-ph%E1%BB%91i-ch%C3%ADnh-th%E1%BB%A9c-i.101818764.1639162658

https://shopee.vn/Camera-H%C3%A0nh-Tr%C3%ACnh-SJCAM-SJ4000-AIR-4K-Wifi-i.3994816.1804387914

https://shopee.vn/Camera-h%C3%A0nh-tr%C3%ACnh-SJCAM-SJ4000-Air-B%E1%BA%A3o-h%C3%A0nh-12-th%C3%A1ng-i.52305609.2435512512","https://www.sendo.vn/camera-hanh-trinh-sjcam-sj4000-air-hang-phan-phoi-chinh-thuc-13496769.html

https://www.sendo.vn/camera-hanh-trinh-sjcam-sj4000-air-4k-wifi-bao-hanh-12-thang-shop-the-gioi-dien-may-19822713.html?

https://www.sendo.vn/camera-hanh-trinh-sjcam-sj4000-air-4k-13857546.html"
265,Sjcam SJ5000,SJCAM,SJCAM-SJ5000,6844417921534,9819915908087,1,,https://tiki.vn/camera-hanh-trinh-sjcam-sj5000-hang-chinh-hang-p10194912.html,"https://www.lazada.vn/products/camera-hanh-trinh-sjcam-sj5000-wifi-2-inch-hang-phan-phoi-chinh-thuc-i244150296-s312759026.html

https://www.lazada.vn/products/camera-hanh-trinh-sjcam-sj5000-wifi-full-hd-1080-i272254067-s412414456.html","https://shopee.vn/product/101818764/1638580323/

https://shopee.vn/Camera-h%C3%A0nh-tr%C3%ACnh-SJCAM-SJ5000-wifi-Full-HD-1080-i.32460615.2000652064","https://www.sendo.vn/camera-hanh-trinh-sj5000-wifi-20138235.html

https://www.sendo.vn/camera-hanh-trinh-sjcam-sj5000-wifi-full-hd-1080-17781618.html"
266,Sjcam SJ5000X,SJCAM,SJCAM-SJ5000X,2247893245233,5624299129508,0,,https://tiki.vn/camera-hanh-trinh-sjcam-sj5000x-4k-wifi-hang-chinh-hang-p9805730.html,"https://www.lazada.vn/products/camera-hanh-trinh-sj5000x-4k-wifi-hang-phan-phoi-chinh-thuc-i257144215-s354255549.html

https://www.lazada.vn/products/camera-hanh-trinh-sjcam-sj5000x-bao-hanh-12-thang-the-gioi-dien-may-i295634072-s471442679.html","https://shopee.vn/Camera-h%C3%A0nh-tr%C3%ACnh-SJCAM-SJ5000X-B%E1%BA%A3o-h%C3%A0nh-12-th%C3%A1ng-Th%E1%BA%BF-gi%E1%BB%9Bi-%C4%91i%E1%BB%87n-m%C3%A1y-i.52305609.2435664200

https://shopee.vn/product/101818764/1743520707/","https://www.sendo.vn/sjcam-sj5000x-elite-action-camera-8821829.html

https://www.sendo.vn/camera-hanh-trinh-sjcam-sj5000x-bao-hanh-12-thang-19851337.html

https://www.sendo.vn/camera-hanh-trinh-21082799.html"
267,Sjcam SJ6 Legend (B),SJCAM,SJCAM-SJ6-LEGEND-B,2465574467983,6591428213645,1,,https://tiki.vn/camera-hanh-trinh-sjcam-sj6-legend-hang-chinh-hang-p10145233.html,"https://www.lazada.vn/products/camera-hanh-trinh-sjcam-sj6-legend-hang-phan-phoi-chinh-thuc-i244150299-s312760016.html

https://www.lazada.vn/products/camera-hanh-trinh-hanh-dong-sjcam-sj6-legend-ma-hinh-cam-ung-chong-rung-muot-ma-chat-luong-quay-4k-ho-tro-mic-ngoai-bao-hanh-12-thang-ho-tro-1-doi-1-trong-vong-7-ngay-i201677521-s251859490.html

https://www.lazada.vn/products/camera-hanh-trinh-sjcam-sj6-legend-wifi-4k-i200012414-s250012676.html

https://www.lazada.vn/products/camera-hanh-trinh-hanh-dong-sjcam-sj6-legend-ma-hinh-cam-ung-chong-rung-muot-ma-chat-luong-quay-4k-ho-tro-mic-ngoai-i290228779-s459802495.html

","https://shopee.vn/Camera-ha%CC%80nh-tri%CC%80nh-SJCAM-SJ6-legend-2-m%C3%A0n-h%C3%ACnh-tr%C6%B0%E1%BB%9Bc-v%C3%A0-m%C3%A0n-h%C3%ACnh-sau-c%E1%BA%A3m-%E1%BB%A9ng-b%E1%BA%A3o-h%C3%A0nh-12-th%C3%A1ng-%C4%91%E1%BB%95i-tr%E1%BA%A3-1-vs-1...-i.52305609.1201993975

https://shopee.vn/-M%C3%A3-ELMALL300-gi%E1%BA%A3m-10-%C4%91%C6%A1n-300K-Camera-h%C3%A0nh-tr%C3%ACnh-SJCAM-SJ6-LEGEND-(%C4%90en)-H%C3%A3ng-ph%C3%A2n-ph%E1%BB%91i-ch%C3%ADnh-th%E1%BB%A9c-i.101818764.1639008935

https://shopee.vn/Camera-th%E1%BB%83-thao-SJCAM-SJ6-LEGEND-AIR-ACTION-CAMERA-i.8845801.692521280

","https://www.sendo.vn/camera-hanh-trinh-sjcam-sj6-legend-hang-phan-phoi-chinh-thuc-13512335.html

https://www.sendo.vn/sjcam-sj6-legend-air-action-camera-8821940.html

https://www.sendo.vn/camera-ha-nh-tri-nh-sjcam-sj6-legend-10006814.html

https://www.sendo.vn/camera-ha-nh-tri-nh-sjcam-sj6-legend-6276513.html

https://www.sendo.vn/camera-hanh-trinh-sjcam-sj6-legend-wifi-4k-17562179.html"
268,Sjcam SJ7 Star,SJCAM,SJCAM-SJ7-STAR,4857701415161,5158647610542,1,,https://tiki.vn/camera-hanh-trinh-sjcam-sj7-star-den-hang-chinh-hang-p9805551.html,"https://www.lazada.vn/products/camera-hanh-trinh-sjcam-sj7-star-4k-30fps-ho-tro-mic-ngoai-chong-rung-sieu-on-ma-hinh-cam-ung-bao-hanh-12-thang-ho-tro-doi-tra-1-voi-1-i220563704-s277152535.html

https://www.lazada.vn/products/camera-hanh-trinh-sjcam-sj7-star-den-hang-phan-phoi-chinh-thuc-i158927160-s171132521.html

https://www.lazada.vn/products/camera-hanh-trinh-sjcam-sj7-star-4k-30fps-ho-tro-mic-ngoai-chong-rung-sieu-on-ma-hinh-cam-ung-i290242106-s459776780.html

","https://shopee.vn/Camera-h%C3%A0nh-tr%C3%ACnh-SJCAM-SJ7-STAR-H%C3%A3ng-ph%C3%A2n-ph%E1%BB%91i-ch%C3%ADnh-th%E1%BB%A9c-i.101818764.1743915500

https://shopee.vn/Camera-ha%CC%80nh-tri%CC%80nh-SJCAM-SJ7-STAR-4K-30FPS-b%E1%BA%A3o-h%C3%A0nh-12-th%C3%A1ng-h%E1%BB%97-tr%E1%BB%A3-1-%C4%91%E1%BB%95i-1-camera-h%C3%A0nh-%C4%91%E1%BB%99ng-SJCAM-SJ7-Star-i.52305609.1263311358

https://shopee.vn/M%C3%A1y-quay-SJCAM-SJ7-STAR-4K-ACTION-CAMERA-Ultra-4K-30fps-Wifi.-i.8845801.692518706

","https://www.sendo.vn/camera-hanh-trinh-sjcam-sj7-star-4k-wifi-hang-phan-phoi-chinh-thuc-13480200.html

https://www.sendo.vn/camera-ha-nh-tri-nh-sjcam-sj7-star-4k-30fps-camera-wifi-10520817.html

https://www.sendo.vn/sj7-star-4k-action-camera-camera-hanh-trinh-sj7-star-8922911.html

"
269,Sjcam SJ8 Air,SJCAM,SJCAM-SJ8-AIR,8872146862994,8507247405763,1,,https://tiki.vn/camera-the-thao-sjcam-sj8-air-hang-chinh-hang-p7012197.html,"https://www.lazada.vn/products/camera-hanh-trinh-sjcam-sj8-air-hang-phan-phoi-chinh-thuc-i244146950-s312753716.html

https://www.lazada.vn/products/camera-hanh-trinh-sjcam-sj8-air-wifi-i215727588-s270304498.html

","https://shopee.vn/Camera-h%C3%A0nh-tr%C3%ACnh-SJCAM-SJ8-AIR-H%C3%A3ng-ph%C3%A2n-ph%E1%BB%91i-ch%C3%ADnh-th%E1%BB%A9c-i.101818764.1638783537

https://shopee.vn/Camera-H%C3%A0nh-Tr%C3%ACnh-SJCAM-SJ8-AIR-H%C3%A3ng-Ph%C3%A2n-Ph%E1%BB%91i-Ch%C3%ADnh-Th%E1%BB%A9c-i.3558559.1466388494

https://shopee.vn/Camera-h%C3%A0nh-tr%C3%ACnh-SJCAM-SJ8-Air-uy-t%C3%ADn-gi%C3%A1-r%E1%BA%BB-i.136096670.2064388986

https://shopee.vn/Camera-ha%CC%80nh-tri%CC%80nh-SJCAM-SJ7-STAR-4K-30FPS-b%E1%BA%A3o-h%C3%A0nh-12-th%C3%A1ng-h%E1%BB%97-tr%E1%BB%A3-1-%C4%91%E1%BB%95i-1-camera-h%C3%A0nh-%C4%91%E1%BB%99ng-SJCAM-SJ7-Star-i.52305609.1263311358","https://www.sendo.vn/camera-hanh-trinh-sjcam-sj8-air-hang-phan-phoi-chinh-thuc-13497399.html

https://www.sendo.vn/sjcam-sj8-air-9924808.html

"
270,Sjcam SJ8 Plus,SJCAM,SJCAM-SJ8-PLUS,2960919693671,7315015920001,1,,https://tiki.vn/camera-hanh-trinh-sjcam-sj8-plus-4k-wifi-hang-chinh-hang-p9805344.html,"https://www.lazada.vn/products/camera-hanh-trinh-sjcam-sj8-plus-4k-wifi-hang-phan-phoi-chinh-thuc-i256636143-s351995404.html

https://www.lazada.vn/products/camera-hanh-trinh-sj8-plus-4k-wifi-hang-phan-phoi-chinh-thuc-i257140234-s354278001.html

https://www.lazada.vn/products/camera-hanh-trinh-sj8-plus-4k-wifi-hang-phan-phoi-chinh-thuc-i257195049-s354275098.html","https://shopee.vn/-Tr%E1%BA%A3-g%C3%B3p-0-Camera-h%C3%A0nh-tr%C3%ACnh-4K-wifi-SJCAM-SJ8-Plus-H%C3%A3ng-Ph%C3%A2n-Ph%E1%BB%91i-Ch%C3%ADnh-Th%E1%BB%A9c-i.101818764.1742140926

","https://www.sendo.vn/camera-hanh-trinh-sjcam-sj8-plus-4k-wifi-hang-phan-phoi-chinh-thuc-13499050.html

https://www.sendo.vn/sjcam-sj8-plus-10323977.html

https://www.sendo.vn/sjcam-sj8-plus-9948870.html

https://www.sendo.vn/camera-ha-nh-tri-nh-sjcam-sj8-pro-4k-60-fps-phien-ban-day-du-phu-kien-10477232.html"
271,Sjcam SJ8 Pro,SJCAM,SJCAM-SJ8-PRO,3727159758930,4931885635390,1,,https://tiki.vn/camera-hanh-trinh-sjcam-sj8-pro-4k-wifi-hang-chinh-hang-p9804983.html,"https://www.lazada.vn/products/camera-hanh-trinh-sjcam-sj8-pro-4k-wifi-hang-phan-phoi-chinh-thuc-i256318966-s351925023.html

https://www.lazada.vn/products/camera-hanh-trinh-sjcam-sj8-pro-wifi-4k-i233951774-s297776181.html

","https://shopee.vn/Camera-H%C3%A0nh-Tr%C3%ACnh-SJ8-Pro-4K-Wifi-H%C3%A3ng-Ph%C3%A2n-Ph%E1%BB%91i-Ch%C3%ADnh-Th%E1%BB%A9c-i.3558559.1743946933


https://shopee.vn/Camera-h%C3%A0nh-tr%C3%ACnh-SJCAM-SJ8-Pro-4K-wifi-H%C3%A3ng-ph%C3%A2n-ph%E1%BB%91i-ch%C3%ADnh-th%E1%BB%A9c-i.101818764.1743946664

https://shopee.vn/Camera-h%C3%A0nh-tr%C3%ACnh-SJCAM-SJ8-Pro-Wifi-4K-i.136096670.2177277152","https://www.sendo.vn/camera-hanh-trinh-sjcam-sj8-pro-4k-wifi-hang-phan-phoi-chinh-thuc-13477289.html

https://www.sendo.vn/camera-hanh-trinh-sjcam-sj8-pro-10309594.html

https://www.sendo.vn/camera-ha-nh-tri-nh-sjcam-sj8-pro-4k-60-fps-phien-ban-day-du-phu-kien-10477232.html

"
272,Sjcam Dash,SJCAM,SJCAM-DASH,3263598914082,3186472072640,1,,https://tiki.vn/camera-hanh-trinh-sjcam-sjdash-4k-wifi-hang-chinh-hang-p9806387.html,"https://www.lazada.vn/products/camera-hanh-trinh-sjcam-sjdash-4k-wifi-hang-phan-phoi-chinh-thuc-i256617352-s352102579.html

https://www.lazada.vn/products/camera-hanh-trinh-sjdash-4k-wifi-hang-phan-phoi-chinh-thuc-i257146170-s354232239.html","https://shopee.vn/Camera-h%C3%A0nh-tr%C3%ACnh-d%C3%A0nh-cho-xe-h%C6%A1i-SJCAM-SJDash-H%C3%A3ng-ph%C3%A2n-ph%E1%BB%91i-ch%C3%ADnh-th%E1%BB%A9c-i.101818764.1743563695

https://shopee.vn/SJCAM-SJDASH-Camera-H%C3%A0nh-Tr%C3%ACnh-wifi-chuy%C3%AAn-cho-%C3%B4t%C3%B4-!-i.8845801.692526123","https://www.sendo.vn/camera-hanh-trinh-sjcam-sjdash-4k-wifi-hang-phan-phoi-chinh-thuc-13531208.html

https://www.sendo.vn/camera-hanh-trinh-oto-sjcam-sjdash-quan-sat-ngay-va-dem-full-hd-12801470.html"
273,Dock Sac Sjcam SJ6,SJCAM,DOCK-SAC-SJCAM-SJ6,7146486446802,5366363229607,1,,https://tiki.vn/dock-sac-pin-doi-kem-cap-cho-camera-hanh-trinh-sjcam-sj6-hang-chinh-hang-p9804717.html,,,
274,Pin Sjcam SJ6,SJCAM,PIN-SJCAM-SJ6,6957931434753,3561592700558,1,,https://tiki.vn/pin-sjcam-sj6-hang-chinh-hang-p7047205.html?,,,
275,Dock Sac Sjcam SJ7,SJCAM,DOCK-SAC-SJCAM-SJ7,3323859812264,6493032260032,1,,https://tiki.vn/dock-sac-pin-doi-kem-cap-cho-camera-hanh-trinh-sjcam-sj7-hang-chinh-hang-p9804141.html,,,
276,Pin Sjcam SJ7,SJCAM,PIN-SJCAM-SJ7,7693777439413,1926587733614,1,,https://tiki.vn/pin-sjcam-sj7-star-hang-chinh-hang-p7036425.html,,,
277,SJ8 Dual Slot Charger,SJCAM,SJ8-DUAL-SLOT-CHARGER,5188275334718,2938088850621,1,,https://tiki.vn/dock-sac-pin-doi-cho-camera-hanh-trinh-sjcam-sj8-hang-chinh-hang-p10160419.html,,,
278,Pin Sjcam SJ8,SJCAM,PIN-SJCAM-SJ8,3126712826060,1445998757427,1,,https://tiki.vn/pin-sjcam-sj8-hang-chinh-hang-p7041797.html,,,
279,Sjcam Car Charger,SJCAM,SJCAM-CAR-CHARGER,3787929919237,9629020686233,1,,https://tiki.vn/sac-xe-hoi-cho-camera-hanh-trinh-sjcam-sj4000-sj5000-m10-hang-chinh-hang-p9803288.html,,,
280,Pin Sjcam SJ4000,SJCAM,PIN-SJCAM-SJ4000,8751240140989,7380682259952,1,,https://tiki.vn/pin-sac-cho-camera-hanh-trinh-sjcam-sj4000-hang-chinh-hang-p9806531.html,,,
281,Dock Sac Sjcam Doi1,SJCAM,DOCK-SAC-SJCAM-DOI1,6042401768169,6042538341006,1,,https://tiki.vn/dock-sac-pin-doi-kem-cap-cho-camera-hanh-trinh-sjcam-sj4000-sj5000-m10-hang-chinh-hang-p10144802.html,,,
282,Dock Sac Sjcam M20,SJCAM,DOCK-SAC-SJCAM-M20,2947829325991,6303329803838,1,,https://tiki.vn/dock-sac-pin-doi-kem-cap-cho-camera-hanh-trinh-sjcam-m20-hang-chinh-hang-p9805196.html,,,
283,Sjcam Gimbal 2,SJCAM,SJCAM-GIMBAL-2,8402855380030,6481137240318,1,,https://tiki.vn/thiet-bi-chong-rung-quay-phim-gimbal-2-cho-camera-hanh-trinh-sjcam-hang-chinh-hang-p9804622.html,,,
284,Dock Sac Sjcam Doi,SJCAM,DOCK-SAC-SJCAM-DOI,7858034460269,2741126289402,1,,https://tiki.vn/dock-sac-pin-doi-cho-sjcam-den-hang-chinh-hang-p9805513.html,,,
285,Dock Sac Sjcam Don,SJCAM,DOCK-SAC-SJCAM-DON,1371651655284,9982523517825,1,,https://tiki.vn/dock-sac-pin-don-cho-camera-hanh-trinh-sjcam-hang-chinh-hang-p10144230.html,,,
286,Sjcam Selfie Stick,SJCAM,SJCAM-SELFIE-STICK,6905270707106,3239413957329,1,,https://tiki.vn/gay-chup-hinh-sjcam-hang-chinh-hang-p10160093.html,,,
287,Sjcam Selfie Stick Monopod,SJCAM,SJCAM-SELFIE-STICK-MONOPOD,2554948085066,5880409498784,1,,https://tiki.vn/gay-chup-hinh-sjcam-new-monopod-hang-chinh-hang-p10146540.html,,,
