1,Linksys MR8300,LINKSYS,name,name,LINKSYS-MR8300,,,1,1,1,1,1,https://tiki.vn/linksys-mr8300-mesh-wifi-router-ac2200-mu-mimo-hang-chinh-hang-p23083200.html
2,Linksys RE7000,LINKSYS,name,name,LINKSYS-RE7000,9788410000000,8867220000000,1,1,1,1,1,https://tiki.vn/router-wifi-linksys-re7000w-ac1900-phat-song-bang-tan-kep-p10414694.html
3,Linksys RE7000,LINKSYS,name,name,LINKSYS-RE7000,1117360000000,8867220000000,1,1,1,1,1,https://tiki.vn/router-wifi-linksys-re7000w-ac1900-phat-song-bang-tan-kep-p10414694.html
4,Linksys LAPAC1750-AP,LINKSYS,name,name,LINKSYS-LAPAC1750-AP,1205520000000,7504040000000,1,1,1,1,1,https://tiki.vn/linksys-lapac1750-access-point-chuan-ac-hang-chinh-hang-p562876.html
5,Linksys LAPAC1200C-AP,LINKSYS,name,name,LINKSYS-LAPAC1200C-AP,7900440000000,7507160000000,1,1,1,1,1,https://tiki.vn/linksys-lapac1200-access-point-chuan-ac-p562861.html
6,Linksys LAPN600-AP,LINKSYS,name,name,LINKSYS-LAPN600-AP,2514360000000,7507700000000,1,1,1,1,1,https://tiki.vn/linksys-lapn600-access-point-chuan-n-p562843.html
7,Linksys LAPN300-AP,LINKSYS,name,name,LINKSYS-LAPN300-AP,6092500000000,7509520000000,1,1,1,1,1,https://tiki.vn/linksys-lapn300-access-point-chuan-n-hang-chinh-hang-p562815.html
8,Linksys LACXGLR,LINKSYS,name,name,LINKSYS-LACXGLR,7674850000000,7504000000000,1,1,1,1,1,https://tiki.vn/linksys-lacxglr-sfp-sfp-transceiver-module-p563060.html
9,Linksys LACXGSR,LINKSYS,name,name,LINKSYS-LACXGSR,6269110000000,7504800000000,1,1,1,1,1,https://tiki.vn/linksys-lacxgsr-sfp-sfp-transceiver-module-p563048.html
10,Linksys LACGLX,LINKSYS,name,name,LINKSYS-LACGLX,9299340000000,7500610000000,1,1,1,1,1,https://tiki.vn/linksys-lacglx-sfp-sfp-transceiver-module-p563026.html
11,Linksys LACGSX,LINKSYS,name,name,LINKSYS-LACGSX,5305600000000,7501100000000,1,1,1,1,1,https://tiki.vn/linksys-lacgsx-sfp-sfp-transceiver-module-p563001.html
12,Linksys LRT224-AP,LINKSYS,name,name,LINKSYS-LRT224-AP,1265040000000,7508890000000,1,1,1,1,1,https://tiki.vn/linksys-lrt224-vpn-router-p562926.html
13,Linksys LGS552P-AP,LINKSYS,name,name,LINKSYS-LGS552P-AP,9420830000000,7509020000000,1,1,1,1,1,https://tiki.vn/linksys-lgs552p-managed-gigabit-switches-poe-p562749.html
14,Linksys LGS528P-AP,LINKSYS,name,name,LINKSYS-LGS528P-AP,6535170000000,7504500000000,1,1,1,1,1,https://tiki.vn/linksys-lgs528p-managed-gigabit-switches-poe-p562702.html
15,Linksys LGS552-AP,LINKSYS,name,name,LINKSYS-LGS552-AP,7060300000000,7507440000000,1,1,1,1,1,https://tiki.vn/linksys-lgs552-managed-gigabit-switches-p562713.html
16,Linksys LGS528-AP,LINKSYS,name,name,LINKSYS-LGS528-AP,9797000000000,7504620000000,1,1,1,1,1,https://tiki.vn/linksys-lgs528-managed-gigabit-switches-p562493.html
17,Linksys LGS326P-AP,LINKSYS,name,name,LINKSYS-LGS326P-AP,2454820000000,7507180000000,1,1,1,1,1,https://tiki.vn/linksys-lgs326p-smart-gigabit-poe-p562492.html
18,Linksys LGS318P-AP,LINKSYS,name,name,LINKSYS-LGS318P-AP,5410960000000,7502630000000,1,1,1,1,1,https://tiki.vn/linksys-lgs318p-smart-gigabit-poe-p562490.html
19,Linksys LGS308P-AP,LINKSYS,name,name,LINKSYS-LGS308P-AP,4877100000000,7505140000000,1,1,1,1,1,https://tiki.vn/linksys-lgs308p-smart-gigabit-poe-p562488.html
20,Linksys LGS326-AP,LINKSYS,name,name,LINKSYS-LGS326-AP,4994170000000,7508940000000,1,1,1,1,1,https://tiki.vn/linksys-lgs326-smart-gigabit-p562491.html
21,Linksys LGS318-AP,LINKSYS,name,name,LINKSYS-LGS318-AP,5875370000000,7503780000000,1,1,1,1,1,https://tiki.vn/linksys-lgs318-smart-gigabit-p562489.html
22,Linksys LGS318-AP,LINKSYS,name,name,LINKSYS-LGS318-AP,7649780000000,1955290000000,1,1,1,1,1,https://tiki.vn/thiet-bi-mang-linksys-lgs318-p1831735.html
23,Linksys LGS308-AP,LINKSYS,name,name,LINKSYS-LGS308-AP,5024950000000,1531190000000,1,1,1,1,1,https://tiki.vn/thiet-bi-mang-linksys-lgs308-p1831723.html
24,Linksys LGS124P-AP,LINKSYS,name,name,LINKSYS-LGS124P-AP,8454440000000,7504470000000,1,1,1,1,1,https://tiki.vn/linksys-lgs124p-unmanaged-switch-poe-p562486.html
25,Linksys LGS116P-AP,LINKSYS,name,name,LINKSYS-LGS116P-AP,7037950000000,7505890000000,1,1,1,1,1,https://tiki.vn/linksys-lgs116p-unmanaged-switch-poe-p562474.html
26,Linksys LGS108P-AP,LINKSYS,name,name,LINKSYS-LGS108P-AP,1903870000000,7507250000000,1,1,1,1,1,https://tiki.vn/linksys-lgs108p-unmanaged-switch-poe-p562408.html
27,Linksys LGS124-AP,LINKSYS,name,name,LINKSYS-LGS124-AP,5290870000000,7505320000000,1,1,1,1,1,https://tiki.vn/linksys-lgs124-unmanaged-switch-p562485.html
28,Linksys LGS116-AP,LINKSYS,name,name,LINKSYS-LGS116-AP,2180820000000,7503540000000,1,1,1,1,1,https://tiki.vn/linksys-lgs116-unmanaged-switch-p562423.html
29,Linksys LGS108-AP,LINKSYS,name,name,LINKSYS-LGS108-AP,7693670000000,7508720000000,1,1,1,1,1,https://tiki.vn/linksys-lgs108-unmanaged-switch-p562364.html
30,Linksys LGS105-AP,LINKSYS,name,name,LINKSYS-LGS105-AP,2347430000000,7507320000000,1,1,1,1,1,https://tiki.vn/linksys-lgs105-unmanaged-switch-p562293.html
31,Linksys RE6500HG-AP,LINKSYS,name,name,LINKSYS-RE6500HG-AP,6844470000000,7509310000000,1,1,1,1,1,https://tiki.vn/bo-kich-song-wifi-repeater-bang-tang-kep-ac1200-linksys-re6500hg-hang-chinh-hang-p464804.html
32,Linksys RE4100W-AG,LINKSYS,name,name,LINKSYS-RE4100W-AG,9482710000000,7500550000000,1,1,1,1,1,https://tiki.vn/bo-kich-song-wifi-repeater-n600-linksys-re4100w-hang-chinh-hang-p555512.html
33,Linksys RE3000W-AG,LINKSYS,name,name,LINKSYS-RE3000W-AG,2779120000000,7508100000000,1,1,1,1,1,https://tiki.vn/bo-kich-song-wifi-repeater-n300-linksys-re3000w-hang-chinh-hang-p464802.html
34,Linksys WHW0303,LINKSYS,name,name,LINKSYS-WHW0303,7972370000000,1150400000000,1,1,1,1,1,https://tiki.vn/linksys-velop-intelligent-mesh-wifi-system-ac6600-mu-mimo-3-pack-whw0303-ah-hang-chinh-hang-p5045883.html
35,Linksys WHW0302,LINKSYS,name,name,LINKSYS-WHW0302,6975310000000,4322160000000,1,1,1,1,1,https://tiki.vn/linksys-velop-intelligent-mesh-wifi-system-ac4400-mu-mimo-2-pack-whw0302-ah-hang-chinh-hang-p5045191.html
36,Linksys WHW0301,LINKSYS,name,name,LINKSYS-WHW0301,2782820000000,9910520000000,1,1,1,1,1,https://tiki.vn/linksys-velop-intelligent-mesh-wifi-system-ac2200-mu-mimo-1-pack-whw0301-ah-hang-chinh-hang-p5041587.html
37,Linksys WHW0103-AH,LINKSYS,name,name,LINKSYS-WHW0103-AH,8503960000000,8546110000000,1,1,1,1,1,https://tiki.vn/linksys-velop-intelligent-mesh-wifi-system-ac3900-mu-mimo-3-pack-whw0103-ah-hang-chinh-hang-p5050111.html
38,Linksys WHW0102-AH,LINKSYS,name,name,LINKSYS-WHW0102-AH,2517200000000,6032850000000,1,1,1,1,1,https://tiki.vn/linksys-velop-intelligent-mesh-wifi-system-ac2600-mu-mimo-2-pack-whw0102-ah-hang-chinh-hang-p5049555.html
39,Linksys WHW0101-AH,LINKSYS,name,name,LINKSYS-WHW0101-AH,6006540000000,7157340000000,1,1,1,1,1,https://tiki.vn/linksys-velop-intelligent-mesh-wifi-system-ac1300-mu-mimo-1-pack-whw0101-ah-hang-chinh-hang-p5047629.html
40,Linksys WRT1900ACS,LINKSYS,name,name,LINKSYS-WRT1900ACS,5902430000000,7505520000000,1,1,1,1,1,https://tiki.vn/router-wifi-bang-tang-kep-linksys-wrt1900acs-hang-chinh-hang-p686533.html
41,Linksys EA9500-AH,LINKSYS,name,name,LINKSYS-EA9500-AH,3557660000000,7507700000000,1,1,1,1,1,https://tiki.vn/linksys-ea9500-router-wifi-bang-tang-kep-ac5400-mu-mimo-hang-chinh-hang-p555488.html
42,Linksys EA9300,LINKSYS,name,name,LINKSYS-EA9300,7501530000000,1985390000000,1,1,1,1,1,https://tiki.vn/router-wifi-linksys-ea9300-tri-band-ac-4000mbps-den-hang-chinh-hang-p1210093.html
43,Linksys EA8500-AH,LINKSYS,name,name,LINKSYS-EA8500-AH,2127210000000,7502470000000,1,1,1,1,1,https://tiki.vn/linksys-ea8500-router-wifi-chuan-ac-2600mbps-hang-chinh-hang-p464807.html
44,Linksys EA8300,LINKSYS,name,name,LINKSYS-EA8300,7265150000000,2576810000000,1,1,1,1,1,https://tiki.vn/router-wifi-tri-band-linksys-ea8300-ac2200-hang-chinh-hang-p1275017.html
45,Linksys EA7500-AH,LINKSYS,name,name,LINKSYS-EA7500-AH,6056870000000,7502850000000,1,1,1,1,1,https://tiki.vn/linksys-ea7500-router-wifi-bang-tang-kep-ac1900-mu-mimo-hang-chinh-hang-p555451.html
46,Linksys EA6350-AP,LINKSYS,name,name,LINKSYS-EA6350-AP,1227100000000,7509170000000,1,1,1,1,1,https://tiki.vn/linksys-ea6350-router-wifi-chuan-ac-1167mbps-hang-chinh-hang-p464591.html
47,Linksys EA2750-AP,LINKSYS,name,name,LINKSYS-EA2750-AP,4290280000000,7509090000000,1,1,1,1,1,https://tiki.vn/linksys-ea2750-router-wifi-chuan-n-600mbps-hang-chinh-hang-p464587.html
48,Linksys E2500-AP,LINKSYS,name,name,LINKSYS-E2500-AP,5384410000000,7503320000000,1,1,1,1,1,https://tiki.vn/linksys-e2500-router-wifi-chuan-n-600mbps-hang-chinh-hang-p547926.html
49,Linksys E1700-AP,LINKSYS,name,name,LINKSYS-E1700-AP,5411440000000,7502490000000,1,1,1,1,1,https://tiki.vn/linksys-e1700-router-wifi-chuan-n-300mbps-hang-chinh-hang-p464565.html
50,Linksys E1200-AP,LINKSYS,name,name,E1200-AP,7037910000000,7501220000000,1,1,1,1,1,https://tiki.vn/linksys-e1200-router-wifi-chuan-n-300mbps-hang-chinh-hang-p464563.html
51,Ezviz CS-C1C 1080P,EZVIZ,name,name,EZVIZ-CS-C1C-1080P,4930420000000,5049440000000,1,1,1,1,1,https://tiki.vn/camera-wifi-ip-ezviz-c1c-cs-c1c-d0-1d2wfr-1080p-full-hd-hang-chinh-hang-p19763768.html
52,Ezviz CS-C1C 720P,EZVIZ,name,name,EZVIZ-CS-C1C-720P-1,4288280000000,4770720000000,1,1,1,1,1,https://tiki.vn/camera-ezviz-cs-c1c-1d1wfr-720p-hang-chinh-hang-p15867772.html
53,Ezviz CS-C1C 720P,EZVIZ,name,name,EZVIZ-CS-C1C-720P,2740040000000,5468780000000,1,1,1,1,1,https://tiki.vn/camera-ip-wifi-ezviz-cs-c1c-d0-1d1wfr-720p-hang-chinh-hang-p19763559.html
54,Ezviz CS-CV246 1080P,EZVIZ,name,name,EZVIZ_CV246_1080P,2893920000000,7016710000000,1,1,1,1,1,https://tiki.vn/camera-ip-wifi-ezviz-cs-cv246-1080p-hang-chinh-hang-p4820985.html
55,Ezviz CS-CV246 1080P,EZVIZ,name,name,EZVIZ_CV246-720P_32GB_HIK,9736430000000,9973620000000,1,1,1,1,1,https://tiki.vn/camera-wifi-ky-thuat-so-ezviz-cs-cv246-tang-kem-the-nho-32gb-hikvision-hang-chinh-hang-p11866615.html
56,TF Ezviz 32GB,EZVIZ,name,name,TF-EZVIZ-32GB,9796320000000,8596660000000,0,1,1,1,1,https://tiki.vn/the-nho-micro-sd-32gb-class-10-chuyen-dung-cho-camera-giam-sat-ezviz-hang-chinh-hang-p14262189.html
57,Ezviz CS-CV310 1080P,EZVIZ,name,name,EZVIZ_CV310_32GB,1805720000000,5527610000000,0,1,1,1,1,https://tiki.vn/camera-ip-wifi-ngoai-troi-ezviz-c3w-1080p-cs-cv310-tang-the-nho-ezviz-32gb-p6885293.html
58,Ezviz CS-CV246 1080P,EZVIZ,name,name,EZVIZ_C6C_CS_CV246,2060160000000,4911070000000,1,1,1,1,1,https://tiki.vn/camera-ezviz-c6c-cs-cv246-ez360-1080p-p5812505.html?spid=12674925
59,Ezviz CS-CV246 720P,EZVIZ,name,name,EZVIZ_CV246_720P,5481710000000,7020680000000,1,1,1,1,1,https://tiki.vn/camera-ip-wifi-ezviz-c6cn-720p-cs-cv246-b0-1c1wfr-p10062880.html?spid=12674884
60,Ezviz CS-CV206 720P,EZVIZ,name,name,,8951300000000,9385280000000,1,1,1,1,1,https://tiki.vn/camera-ip-wifi-ezviz-ecs-cv206-p2994789.html?spid=12234608
61,Ezviz CS-CV246 720P,EZVIZ,name,name,EZVIZ-CV-CV246-720,8601960000000,5436570000000,1,1,1,1,1,https://tiki.vn/camera-ip-wifi-ezviz-cs-cv246-hang-chinh-hang-p4820975.html?spid=12233272
62,Ezviz CS-CV346-A0-7A3WFR,EZVIZ,name,name,EZVIZ-CS-CV346-A0-7A3WFR,2479840000000,3219950000000,0,1,1,1,1,https://tiki.vn/camera-ip-wifi-mat-ca-360-ezviz-cs-cv346-a0-7a3wfr-hang-phan-phoi-chinh-thuc-p10001508.html?spid=10001509
63,Ezviz CS-X5C-4APEC,EZVIZ,name,name,EZVIZ-CS-X5C-4APEC,2787470000000,4828240000000,1,1,1,1,1,https://tiki.vn/dau-ghi-hinh-ip-wifi-4-kenh-ezviz-cs-x5c-4apec-p10001123.html?spid=10001124
64,Ezviz CS-CV310 720P,EZVIZ,name,name,EZVIZ-CS-CV310,4344110000000,4755640000000,1,1,1,1,1,https://tiki.vn/camera-ip-wifi-ngoai-troi-ezviz-cs-cv310-720p-hang-phan-phoi-chinh-thuc-p10001012.html?spid=10001013
65,Ezviz CS-CV310 1080P,EZVIZ,name,name,EZVIZCS-CV310-1080P,9356950000000,6593100000000,1,1,1,1,1,https://tiki.vn/camera-ip-wifi-ngoai-troi-ezviz-cs-cv310-1080p-hang-phan-phoi-chinh-thuc-p10000738.html?spid=10000739
66,Yoosee 1080P 3 Anten,YOOSEE,name,name,YOOSEE-1080P-3ANTEN,5991690000000,2384880000000,1,1,1,1,1,https://tiki.vn/camera-ip-wifi-yoosee-full-hd-1080p-3-rau-hang-nhap-khau-p15348075.html
67,Yoosee IPC-K1 1.0 (Go),YOOSEE,name,name,IPC-K1-G,8470020000000,3783210000000,1,1,1,1,1,https://tiki.vn/camera-quan-sat-yoosee-ipc-k1-hang-nhap-khau-p15265699.html
68,Yoosee 720P 3 anten,YOOSEE,name,name,YOOSEE_720P_3RAU,7670630000000,8795720000000,1,1,1,1,1,https://tiki.vn/camera-giam-sat-ip-yoosee-3-rau-p9839803.html?spid=12674663
69,Yoosee 1080P 2 anten,YOOSEE,name,name,YOOSEE-2.0,9997060000000,5674080000000,1,1,1,1,1,https://tiki.vn/camera-ip-wifi-yoosee-full-hd-1080p-p11370765.html
70,Yoosee 720P 2 anten,YOOSEE,name,name,YOOSEE-1.0,6948320000000,4331730000000,1,1,1,1,1,https://tiki.vn/camera-ip-yoosee-hd-720p-p11370697.html
71,Yoosee VS100,YOOSEE,name,name,YOOSEE-V103,1028840000000,2117500000000,0,1,1,1,1,https://tiki.vn/camera-ip-wifi-yoosee-720p-v103-p9793024.html?spid=9793025
72,Yoosee VS100,YOOSEE,name,name,YOOSEE-V102,1431620000000,9538170000000,0,1,1,1,1,https://tiki.vn/camera-ip-wifi-yoosee-720p-v102-p9792873.html?spid=9792874
73,Yoosee 720P 2 anten,YOOSEE,name,name,,1882450000000,8069660000000,1,1,1,1,1,https://tiki.vn/camera-ip-wifi-yoosee-720p-z06h-p9792846.html?spid=9792847
74,Netcam B3L 3.0 (W),NETCAM,name,name,NETCAM-B3L,4485610000000,4907270000000,1,1,1,1,1,https://tiki.vn/camera-bong-den-quay-toan-canh-360-do-netcam-b3l-3-0-mp-hang-chinh-hang-p15321538.html
75,Netcam B2L 2.0 (W),NETCAM,name,name,NETCAM-B2L,3879000000000,8473220000000,1,1,1,1,1,https://tiki.vn/camera-bong-den-quay-toan-canh-360-do-netcam-b2l-2-0-mp-hang-chinh-hang-p10208991.html
76,Netcam B13L 1.3 (W),NETCAM,name,name,NETCAM-B13L,2502820000000,7413250000000,1,1,1,1,1,https://tiki.vn/camera-bong-den-quay-toan-canh-360-do-netcam-b2l-2-0-mp-hang-chinh-hang-p10208991.html
77,Netcam IPC-W4A (W),NETCAM,name,name,NETCAM-IPC-W4A-W,9893900000000,2300590000000,1,1,1,1,1,https://tiki.vn/camera-ip-quan-sat-yoosee-ipc-w4a-trang-hang-phan-phoi-chinh-thuc-p15261187.html
78,Netcam AT2.0 Plus (W),NETCAM,name,name,NETCAM-AT2.0-PLUS-W,9150030000000,8783720000000,1,1,1,1,1,https://tiki.vn/camera-giam-sat-ip-wifi-ngoai-troi-netcam-at-2-0-plus-app-yoosee-hang-phan-phoi-chinh-thuc-p11299385.html
79,Netcam AT1.3 (W),NETCAM,name,name,NETCAM-AT1.3-W,6988650000000,4781230000000,1,1,1,1,1,https://tiki.vn/camera-giam-sat-ip-wifi-ngoai-troi-netcam-at-1-3-app-yoosee-hang-phan-phoi-chinh-thuc-p10206917.html
80,Netcam AT1.0 (W),NETCAM,name,name,NETCAM-AT1.0-W,4884690000000,3634740000000,0,1,1,1,1,https://tiki.vn/camera-giam-sat-ip-wifi-ngoai-troi-netcam-at1-0-hang-phan-phoi-chinh-thuc-p11296481.html
81,Netcam NC-109IP 1.3,NETCAM,name,name,2-NC-109IP,8390880000000,4236120000000,0,1,1,1,1,https://tiki.vn/bo-2-camera-ip-giam-sat-hong-ngoai-netcam-nc-109ip-1-3-p10275641.html?spid=10275642
82,Netcam NC-208AHD 1.0,NETCAM,name,name,NETCAM-NC-208AHD-1.0,2152590000000,4702250000000,1,1,1,1,1,https://tiki.vn/camera-wifi-giam-sat-netcam-nc-208ahd-1-0-mp-hang-phan-phoi-chinh-thuc-p10207792.html?spid=10207793
83,Netcam X890 (X8900-MH36),NETCAM,name,name,NETCAM-X890,9033260000000,2128150000000,0,1,1,1,1,https://tiki.vn/camera-quan-sat-ip-wi-fi-ngoai-troi-netcam-x890-720p-1-0mp-hang-phan-phoi-chinh-thuc-p10207473.html?spid=10207474
84,Netcam BX01 1.0 (W),NETCAM,name,name,NETCAM-BX01-1.0-W,8713720000000,7511290000000,0,1,1,1,1,https://tiki.vn/camera-ip-wifi-netcam-bx01-720p-hang-phan-phoi-chinh-thuc-p10207198.html?spid=10207199
85,Netcam M1-IP 1.0 (W),NETCAM,name,name,NETCAM-M1-IP-1.0,2930520000000,4994470000000,0,1,1,1,1,https://tiki.vn/camera-ip-giam-sat-ngay-dem-netcam-m1-ip1-0-hang-phan-phoi-chinh-thuc-p10207163.html?spid=10207164
86,Netcam R01 1.0 (W),NETCAM,name,name,NETCAM-R01-W,4335080000000,1475730000000,1,1,1,1,1,https://tiki.vn/camera-ip-wifi-giam-sat-va-bao-dong-netcam-r01-720p-p10206929.html?spid=10206930
87,Netcam R02 2.0 (W),NETCAM,name,name,NETCAM-R02-W,9982320000000,5126410000000,1,1,1,1,1,https://tiki.vn/camera-ip-wifi-giam-sat-va-bao-dong-netcam-r02-1080p-hang-phan-phoi-chinh-thuc-p10206750.html?spid=10206751
88,Netcam VH04,NETCAM,name,name,NETCAM-VH04,7331610000000,1187470000000,1,1,1,1,1,https://tiki.vn/camera-quay-toan-canh-360-do-netcam-panorama-vh04-fullhd-1080p-2-0mp-hang-phan-phoi-chinh-thuc-p10206715.html?spid=10206716
89,Netcam VH01,NETCAM,name,name,NETCAM-VH01,7468920000000,2510580000000,1,1,1,1,1,https://tiki.vn/camera-quay-toan-canh-360-do-netcam-panorama-vh01-fullhd-1080p-2-0mp-hang-phan-phoi-chinh-thuc-p10206434.html?spid=10206435
90,Qihoo D688 (W),QIHOO,name,name,QIHOO-D688-02,7143100000000,9758850000000,1,1,1,1,1,https://tiki.vn/camera-quan-sat-qihoo-d688-02-full-hd-1080p-gan-tran-180-do-hang-chinh-hang-p22142785.html
91,Qihoo D603 (W),QIHOO,name,name,QIHOO_360_D603_PLUS,1234290000000,3029870000000,1,1,1,1,1,https://tiki.vn/camera-quan-sat-qihoo-360-d603-plus-hd-720p-p745650.html?spid=12675014
92,Qihoo G300 (B),QIHOO,name,name,QIHOO_G300,9486800000000,4390580000000,1,1,1,1,1,https://tiki.vn/camera-hanh-trinh-qihoo-360-dash-cam-g300-full-hd-hang-chinh-hang-p10153290.html
93,Qihoo J511C (B),QIHOO,name,name,QIHOO-J511C-B,8842760000000,6440410000000,1,1,1,1,1,https://tiki.vn/camera-hanh-trinh-360-qihoo-gj511c-kem-the-nho-16gb-hang-phan-phoi-chinh-thuc-p10011782.html?spid=10011783
94,Qihoo D621 (W),QIHOO,name,name,QIHOO-D621,2278040000000,5673300000000,1,1,1,1,1,https://tiki.vn/camera-ip-wifi-360-qihoo-d621-2mp-hang-phan-phoi-chinh-thuc-p10010413.html?spid=10010414
95,Qihoo G300 (B),QIHOO,name,name,QIHOO-G300-B,1818340000000,8072860000000,1,1,1,1,1,https://tiki.vn/camera-hanh-trinh-360-qihoo-g300-p10010127.html?spid=10010128
96,Qihoo D706 (W),QIHOO,name,name,QIHOO-D706,2943450000000,7132370000000,1,1,1,1,1,https://tiki.vn/camera-ip-wifi-360-qihoo-d706-2mp-hang-phan-phoi-chinh-thuc-p10010100.html?spid=10010101
97,Qihoo Cloud-30,QIHOO,name,name,QIHOO-CLOUD-30,8300830000000,9356420000000,1,1,1,1,1,https://tiki.vn/the-cloud-cho-camera-qihoo-luu-30-ngay-su-dung-12-thang-p10009409.html?spid=10009410
98,Qihoo D606 (W),QIHOO,name,name,QIHOO-D606,1492740000000,1805030000000,1,1,1,1,1,https://tiki.vn/camera-ip-wifi-360-qihoo-d606-2mp-hang-phan-phoi-chinh-thuc-p10009396.html?spid=10009397
99,Qihoo Cloud-7,QIHOO,name,name,QIHOO-CLOUD-7,5413060000000,5798460000000,1,1,1,1,1,https://tiki.vn/the-cloud-cho-camera-qihoo-luu-7-ngay-su-dung-12-thang-p10009120.html?spid=10009121
100,Qihoo D603 (W),QIHOO,name,name,QIHOO-D603,6704550000000,8278220000000,1,1,1,1,1,https://tiki.vn/camera-ip-wifi-360-qihoo-d603-1mp-hang-phan-phoi-chinh-thuc-p10008700.html?spid=10008701
101,Orico 2588US3 (S),Orico,name,name,ORICO-2588US3-S,8881820000000,3366360000000,1,1,1,1,1,https://tiki.vn/hop-dung-o-cung-di-dong-hdd-box-orico-usb3-0-2-5-2588us3-nhua-cung-hang-chinh-hang-p311788.html
102,Orico 2588US3 (Bl),Orico,name,name,ORICO-2588US3-BL,2260870000000,3363780000000,1,1,1,1,1,https://tiki.vn/hop-dung-o-cung-di-dong-hdd-box-orico-usb3-0-2-5-2588us3-nhua-cung-hang-chinh-hang-p311788.html
103,Orico UTS-12 (B),Orico,name,name,ORICO-UTS-12-B,2783430000000,8118640000000,0,1,1,1,1,https://tiki.vn/day-cap-du-sac-dien-thoai-3-dau-lightning-micro-usb-type-c-orico-uts-12-bk-den-hang-chinh-hang-p6619187.html?spid=6619199
104,Orico UTS-12 (R),Orico,name,name,ORICO-UTS-12-R,8151010000000,4216400000000,1,1,1,1,1,https://tiki.vn/day-cap-du-sac-dien-thoai-3-dau-lightning-micro-usb-type-c-orico-uts-12-bk-den-hang-chinh-hang-p6619187.html?spid=6619191
105,Orico EDC-10 (W),Orico,name,name,ORICO-EDC-10,3560390000000,2797950000000,1,1,1,1,1,https://tiki.vn/cap-sac-dien-thoai-android-usb-2-0-orico-edc-10-1m-hang-chinh-hang-p9953490.html
106,Orico SA2011.GY (B),Orico,name,name,ORICO-SA2011.GY,4458310000000,2724420000000,0,1,1,1,1,https://tiki.vn/tui-bao-ve-dien-thoai-phu-kien-orico-sa2011-gy-p10814737.html
107,Orico SA1810.GY (B),Orico,name,name,ORICO-SA1810.GY,1225550000000,8422160000000,0,1,1,1,1,https://tiki.vn/tui-bao-ve-dien-thoai-phu-kien-orico-sa1810-gy-p10814521.html
108,Orico DHTV-C20 (B),Orico,name,name,ORICO-DHTV-C20,5467940000000,1356620000000,1,1,1,1,1,https://tiki.vn/bo-chuyen-hdmi-sang-vga-orico-dhtv-c20-hang-chinh-hang-p311751.html
109,Orico H7013-U3-AD (B),Orico,name,name,ORICO-H7013-U3-AD-B,9598060000000,3925650000000,0,1,1,1,1,https://tiki.vn/hub-usb-3-0-orico-7-cong-h7013-u3-ad-p311944.html
110,Orico PUG-C6-200,Orico,name,name,PUG-C6-200,6384160000000,8337260000000,1,1,1,1,1,https://tiki.vn/cap-mang-cat-6-orico-pug-c6-hang-phan-phoi-chinh-thuc-p10765817.html?spid=10765821
111,Orico PUG-C6-100,Orico,name,name,PUG-C6-100,5256390000000,5229900000000,0,1,1,1,1,https://tiki.vn/cap-mang-cat-6-orico-pug-c6-hang-phan-phoi-chinh-thuc-p10765817.html?spid=10765819
112,Orico CHK-4U (W),Orico,name,name,ORICO-CHK-4U-WH-W,9403150000000,8626940000000,0,1,1,1,1,https://tiki.vn/sac-dien-thoai-usb-4-cong-2-4a-orico-chk-4u-wh-p10523669.html
113,Orico PHP35-V1 (O),Orico,name,name,ORICO-PHP35-V1-O,6948850000000,9323340000000,1,1,1,1,1,https://tiki.vn/bao-bao-ve-o-cung-2-5-ssd-hdd-orico-php35-v1-p10541121.html?spid=10568782
114,Orico PHP35-V1 (Bl),Orico,name,name,ORICO-PHP35-V1-BL,4447330000000,3274130000000,0,1,1,1,1,https://tiki.vn/bao-bao-ve-o-cung-2-5-ssd-hdd-orico-php35-v1-p10541121.html?spid=10568780
115,Orico PHP35-V1 (Gr),Orico,name,name,ORICO-PHP35-V1-GR,9139340000000,6695610000000,0,1,1,1,1,https://tiki.vn/bao-bao-ve-o-cung-2-5-ssd-hdd-orico-php35-v1-p10541121.html?spid=10568778
116,Orico PHP35-V1 (Pi),Orico,name,name,ORICO-PHP35-V1-PI,9935020000000,9403070000000,1,1,1,1,1,https://tiki.vn/bao-bao-ve-o-cung-2-5-ssd-hdd-orico-php35-v1-p10541121.html?spid=10568776
117,Orico ST3-BK,Orico,name,name,ORICO-ST3-BK,7034240000000,5053790000000,0,1,1,1,1,https://tiki.vn/bo-cong-cu-vit-da-nang-orico-st3-bk-p10563544.html
118,Orico UCL-2U,Orico,name,name,ORICO-UCL-2U,9562370000000,1369900000000,0,1,1,1,1,https://tiki.vn/sac-xe-hoi-orico-ucl-2u-2-cong-usb-p311579.html
119,Orico UCH-Q3 (W),Orico,name,name,ORICO-UCH-Q3-W,8090720000000,1360090000000,0,1,1,1,1,https://tiki.vn/sac-xe-hoi-orico-uch-q3-3-cong-usb-p311552.html?spid=10562181
120,Orico UCH-Q3 (B),Orico,name,name,ORICO-UCH-Q3-B,3081050000000,1364500000000,0,1,1,1,1,https://tiki.vn/sac-xe-hoi-orico-uch-q3-3-cong-usb-p311552.html?spid=10562050
121,Orico UCM-2U (S),Orico,name,name,ORICO-UCM-2U-S,5306860000000,1367610000000,0,1,1,1,1,https://tiki.vn/sac-xe-hoi-orico-ucm-2u-2-cong-usb-p311534.html?spid=10562049
122,Orico UCM-2U (Go),Orico,name,name,ORICO-UCM-2U-GO,2968980000000,1369320000000,0,1,1,1,1,https://tiki.vn/sac-xe-hoi-orico-ucm-2u-2-cong-usb-p311534.html?spid=10561930
123,Orico DUB-12P (B),Orico,name,name,ORICO-DUB-12P-B,8070900000000,1368490000000,0,1,1,1,1,https://tiki.vn/sac-dien-thoai-orico-usb-12-cong-2-4a-dub-12p-p575235.html?spid=10561926
124,Orico DUK-10P (W),Orico,name,name,ORICO-DUK-10P-W,8414920000000,1363970000000,0,1,1,1,1,https://tiki.vn/sac-dien-thoai-orico-usb-10-cong-2-4a-duk-10p-p575227.html?spid=10561902
125,Orico TSL-6U (W),Orico,name,name,ORICO-TSL-6U-W,5938860000000,1361660000000,0,1,1,1,1,https://tiki.vn/sac-dien-thoai-orico-usb-6-cong-typec-tsl-6u-p575212.html?spid=10561822
126,Orico QSE-6U (B),Orico,name,name,ORICO-QSE-6U-B,6637670000000,1364500000000,0,1,1,1,1,https://tiki.vn/sac-dien-thoai-orico-usb-6-cong-qse-6u-p575181.html?spid=10561626
127,Orico QSE-4U (B),Orico,name,name,ORICO-QSE-4U-BK-B,7947790000000,1365440000000,1,1,1,1,1,https://tiki.vn/sac-dien-thoai-orico-usb-4-cong-qse-4u-p311462.html?spid=10561624
128,Orico ASK-4U (W),Orico,name,name,ORICO-ASK-4U-W,8095710000000,1368570000000,0,1,1,1,1,https://tiki.vn/sac-dien-thoai-orico-usb-4-cong-2-4a-ask-4u-p575165.html?spid=10561621
129,Orico S4U (W),Orico,name,name,ORICO-S4U-W,3806970000000,1369230000000,1,1,1,1,1,https://tiki.vn/sac-dien-thoai-orico-usb-4-cong-2-4a-s4u-p311438.html?spid=10561614
130,Orico CBT-5S,Orico,name,name,ORICO-CBT-5S,9431680000000,9075050000000,0,1,1,1,1,https://tiki.vn/bo-5-day-quan-cap-da-nang-orico-cbt-5s-5-mau-p5936569.html?spid=10548026
131,Orico ST2-BK,Orico,name,name,ORICO-ST2-BK,5934900000000,5946010000000,0,1,1,1,1,https://tiki.vn/bo-tua-vit-da-nang-orico-st2-bk-dung-sua-chua-laptop-dien-thoai-hang-chinh-hang-p9935027.html?spid=10544263
132,Orico ST1-BK,Orico,name,name,ORICO-ST1-BK,8818410000000,1660530000000,0,1,1,1,1,https://tiki.vn/bo-tua-vit-da-nang-orico-st1-bk-dung-sua-chua-laptop-dien-thoai-hang-chinh-hang-p9934610.html?spid=10543551
133,Orico S4U (B),Orico,name,name,ORICO-S4U-B,9499670000000,1369420000000,0,1,1,1,1,https://tiki.vn/sac-dien-thoai-orico-usb-4-cong-2-4a-s4u-p311438.html?spid=10539393
134,Orico DCV-4U (B),Orico,name,name,ORICO-DCV-4U-B,7867610000000,1362180000000,0,1,1,1,1,https://tiki.vn/adapter-sac-dien-thoai-orico-usb-4-cong-2-4a-dcv-4u-hang-chinh-hang-p311427.html?spid=10538709
135,Orico DCV-4U (W),Orico,name,name,ORICO-DCV-4U-W,2273420000000,1362020000000,0,1,1,1,1,https://tiki.vn/adapter-sac-dien-thoai-orico-usb-4-cong-2-4a-dcv-4u-hang-chinh-hang-p311427.html?spid=10537863
136,Orico PHL-25 (B),Orico,name,name,ORICO-PHL-25,7128150000000,3361920000000,1,1,1,1,1,https://tiki.vn/hop-dung-tai-nghe-cap-sac-pin-sac-du-phong-o-cung-orico-phl-25-hang-chinh-hang-p684054.html?spid=10530588
137,Orico PHB-25 (Pi),Orico,name,name,,5961560000000,3369470000000,0,1,1,1,1,https://tiki.vn/hop-dung-tai-nghe-cap-sac-pin-sac-du-phong-o-cung-orico-phb-25-hang-chinh-hang-p311969.html?spid=10529302
138,Orico PHB-25 (Bl),Orico,name,name,,3759850000000,3369410000000,1,1,1,1,1,https://tiki.vn/hop-dung-tai-nghe-cap-sac-pin-sac-du-phong-o-cung-orico-phb-25-hang-chinh-hang-p311969.html?spid=10528919
139,Orico PHB-25 (B),Orico,name,name,,1372600000000,3363460000000,1,1,1,1,1,https://tiki.vn/hop-dung-tai-nghe-cap-sac-pin-sac-du-phong-o-cung-orico-phb-25-hang-chinh-hang-p311969.html?spid=10528063
140,Orico DCW-4U (W),Orico,name,name,ORICO-DCW-4U-B,4390890000000,1369500000000,0,1,1,1,1,https://tiki.vn/sac-dien-thoai-orico-usb-4-cong-2-4a-dcw-4u-p311346.html?spid=10527465
141,Orico PHD-25 (R),Orico,name,name,,9286370000000,3365440000000,1,1,1,1,1,https://tiki.vn/hop-dung-tai-nghe-cap-sac-pin-sac-du-phong-o-cung-orico-phd-25-hang-chinh-hang-p311940.html?spid=10527194
142,Orico PHD-25 (G),Orico,name,name,,8205950000000,3368290000000,1,1,1,1,1,https://tiki.vn/hop-dung-tai-nghe-cap-sac-pin-sac-du-phong-o-cung-orico-phd-25-hang-chinh-hang-p311940.html?spid=10526637
143,Orico CSE-6U (B),Orico,name,name,ORICO-CSE-6U-BK-B,4562130000000,1362510000000,0,1,1,1,1,https://tiki.vn/sac-dien-thoai-orico-usb-6-cong-2-4a-cse-6u-p575051.html?spid=10526372
144,Orico PHD-25 (Pu),Orico,name,name,,9477770000000,3368180000000,1,1,1,1,1,https://tiki.vn/hop-dung-tai-nghe-cap-sac-pin-sac-du-phong-o-cung-orico-phd-25-hang-chinh-hang-p311940.html?spid=10525863
145,Orico CSE-4U (W),Orico,name,name,ORICO-CSE-4U-WH-W,1214800000000,1367970000000,0,1,1,1,1,https://tiki.vn/sac-dien-thoai-orico-usb-4-cong-2-4a-cse-4u-p575043.html?spid=10525597
146,Orico PHD-25 (Bl),Orico,name,name,,5426590000000,3360690000000,1,1,1,1,1,https://tiki.vn/hop-dung-tai-nghe-cap-sac-pin-sac-du-phong-o-cung-orico-phd-25-hang-chinh-hang-p311940.html?spid=10525154
147,Orico PHD-25 (B),Orico,name,name,,2594360000000,3360010000000,1,1,1,1,1,https://tiki.vn/hop-dung-tai-nghe-cap-sac-pin-sac-du-phong-o-cung-orico-phd-25-hang-chinh-hang-p311940.html?spid=10524123
148,Orico BTA-408 (Bl),Orico,name,name,ORICO-BTA-408-BL,7694340000000,1524340000000,1,1,1,1,1,https://tiki.vn/thiet-bi-ket-noi-bluetooth-orico-4-0-qua-usb-bta-408-p311655.html?spid=11782507
149,Orico BTA-408 (R),Orico,name,name,ORICO-BTA-408-R,6777940000000,1524660000000,1,1,1,1,1,https://tiki.vn/thiet-bi-ket-noi-bluetooth-orico-4-0-qua-usb-bta-408-p311655.html?spid=7796258
150,Orico BTA-408 (O),Orico,name,name,ORICO-BTA-408-O,3161740000000,1526570000000,0,1,1,1,1,https://tiki.vn/thiet-bi-ket-noi-bluetooth-orico-4-0-qua-usb-bta-408-p311655.html?spid=311666
151,Orico BTA-408 (Pi),Orico,name,name,ORICO-BTA-408-PI,2287500000000,1527280000000,0,1,1,1,1,https://tiki.vn/thiet-bi-ket-noi-bluetooth-orico-4-0-qua-usb-bta-408-p311655.html?spid=311665
152,Orico BTA-408 (Y),Orico,name,name,ORICO-BTA-408-Y,5979710000000,8909760000000,1,1,1,1,1,https://tiki.vn/thiet-bi-ket-noi-bluetooth-orico-4-0-qua-usb-bta-408-p311655.html?spid=7796337
153,Orico DSP-4U (W),Orico,name,name,ORICO-DSP-4U-WH-W,5785670000000,1363330000000,1,1,1,1,1,https://tiki.vn/adapter-sac-dien-thoai-orico-usb-4-cong-2-4a-universal-dsp-4u-hang-chinh-hang-p574986.html?spid=10518459
154,Orico WHA-2U (W),Orico,name,name,ORICO-WHA-2U-WH-W,4132410000000,5525350000000,0,1,1,1,1,https://tiki.vn/sac-dien-thoai-usb-2-cong-2-4a-sac-nhanh-orico-wha-2u-wh-trang-hang-chinh-hang-p9844670.html?spid=10517972
155,Orico BTA-408 (W),Orico,name,name,ORICO-BTA-408-W,1001940000000,6611010000000,1,1,1,1,1,https://tiki.vn/thiet-bi-ket-noi-bluetooth-orico-4-0-qua-usb-bta-408-p311655.html?spid=7765691
156,Orico BTA-408 (B),Orico,name,name,ORICO-BTA-408-B,1224040000000,1971740000000,1,1,1,1,1,https://tiki.vn/thiet-bi-ket-noi-bluetooth-orico-4-0-qua-usb-bta-408-p311655.html?spid=311659
157,Orico BTA-403 (R),Orico,name,name,ORICO-BTA-403-R,8387450000000,5652900000000,1,1,1,1,1,https://tiki.vn/thiet-bi-ket-noi-bluetooth-4-0-qua-usb-orico-bta-403-p7948057.html?spid=10515833
158,Orico BTA-403 (Bl),Orico,name,name,ORICO-BTA-403-BL,2784140000000,1050930000000,1,1,1,1,1,https://tiki.vn/thiet-bi-ket-noi-bluetooth-4-0-qua-usb-orico-bta-403-p7948057.html?spid=9417774
159,Orico BTA-403 (W),Orico,name,name,ORICO-BTA-403-W,4820850000000,5094910000000,1,1,1,1,1,https://tiki.vn/thiet-bi-ket-noi-bluetooth-4-0-qua-usb-orico-bta-403-p7948057.html?spid=10514806
160,Orico BTA-403 (B),Orico,name,name,ORICO-BTA-403-B,4145380000000,6579530000000,1,1,1,1,1,https://tiki.vn/thiet-bi-ket-noi-bluetooth-4-0-qua-usb-orico-bta-403-p7948057.html?spid=12127900
161,Orico RCH3A-GD (Go),Orico,name,name,ORICO-RCH3A-GD-GO,5692540000000,1358890000000,1,1,1,1,1,https://tiki.vn/bo-chuyen-doi-usb-type-c-sang-type-c-usb3-0-hdmi-orico-rch-3a-hang-chinh-hang-p1078676.html?spid=10506248
162,Orico RCR2A-GD (Go),Orico,name,name,ORICO-RCR2A-GD-GO,7748230000000,1357880000000,0,1,1,1,1,https://tiki.vn/bo-chuyen-doi-usb-type-c-sang-type-c-usb3-0-ethernet-orico-rcr-2a-hang-chinh-hang-p1078674.html?spid=10505971
163,Orico RCV-GD (Go),Orico,name,name,ORICO-RCV-GD-GO,5083170000000,1359210000000,0,1,1,1,1,https://tiki.vn/dau-chuyen-doi-type-c-sang-vga-orico-rcv-gd-hang-chinh-hang-p1036596.html?spid=10504234
164,Orico RCH-GD (Go),Orico,name,name,ORICO-RCH-GD-GO,2014470000000,1351130000000,1,1,1,1,1,https://tiki.vn/dau-chuyen-doi-type-c-sang-hdmi-orico-rch-gd-hang-chinh-hang-p1036334.html?spid=10503789
165,Orico CTM1-SV (S),Orico,name,name,ORICO-CTM1-SV-S,4401140000000,1351520000000,1,1,1,1,1,https://tiki.vn/bo-chuyen-micro-usb-type-b-sang-type-c-orico-ctm1-sv-hang-chinh-hang-p682547.html?spid=10501972
166,Orico DMP3D (W),Orico,name,name,ORICO-DMP3D,2020270000000,1354130000000,0,1,1,1,1,https://tiki.vn/bo-chuyen-display-port-sang-dvi-orico-dmp3d-hang-chinh-hang-p311742.html?spid=10490304
167,Orico DMP3V (W),Orico,name,name,ORICO-DMP3V,9099480000000,1354410000000,1,1,1,1,1,https://tiki.vn/bo-chuyen-display-port-sang-vga-orico-dmp3v-hang-chinh-hang-p311739.html?spid=10490303
168,Orico DMP3H (W),Orico,name,name,ORICO-DMP3H,7384950000000,1353740000000,0,1,1,1,1,https://tiki.vn/bo-chuyen-mini-display-port-sang-hdmi-orico-dmp3h-hang-chinh-hang-p311733.html?spid=10490298
169,Orico DU3V (B),Orico,name,name,ORICO-DU3V,8839280000000,1356880000000,0,1,1,1,1,https://tiki.vn/bo-chuyen-usb-3-0-sang-cong-vga-orico-du3v-hang-chinh-hang-p682307.html?spid=10490285
170,Orico UTJ-U2 (B),Orico,name,name,ORICO-UTJ-U2,5576270000000,8726030000000,0,1,1,1,1,https://tiki.vn/bo-chuyen-usb-2-0-sang-cong-lan-orico-utj-u2-usb-to-lan-hang-chinh-hang-p9358144.html?spid=10490284
171,Orico UTJ-U3 (B),Orico,name,name,ORICO-UTJ-U3,5507280000000,7506200000000,1,1,1,1,1,https://tiki.vn/bo-chuyen-usb-3-0-sang-cong-lan-giga-orico-utj-u3-hang-chinh-hang-p682191.html?spid=10490257
172,Orico UTS-12 (B),Orico,name,name,,8816210000000,5967130000000,0,1,1,1,1,https://tiki.vn/cap-sac-dien-thoai-3-trong-1-lightning-type-c-micro-b-usb-2-0-mau-ngau-nhien-p9359889.html?spid=10411773
173,Orico UTS-12 (Bl),Orico,name,name,,7785530000000,5967130000000,0,1,1,1,1,https://tiki.vn/cap-sac-dien-thoai-3-trong-1-lightning-type-c-micro-b-usb-2-0-mau-ngau-nhien-p9359889.html?spid=10411770
174,Orico HCU-10 (Y),Orico,name,name,ORICO-HCU-10-Y,9863970000000,1358900000000,0,1,1,1,1,https://tiki.vn/cap-sac-type-c-2-0-orico-hcu-10-1m-hang-chinh-hang-p683902.html?spid=10411754
175,Orico UTS-12 (Bl),Orico,name,name,ORICO-UTS-12-BL,5391210000000,5967130000000,1,1,1,1,1,https://tiki.vn/cap-sac-dien-thoai-3-trong-1-lightning-type-c-micro-b-usb-2-0-mau-ngau-nhien-p9359889.html?spid=10411753
176,Orico HCU-10 (Pi),Orico,name,name,ORICO-HCU-10-PI,1786400000000,1354000000000,0,1,1,1,1,https://tiki.vn/cap-sac-type-c-2-0-orico-hcu-10-1m-hang-chinh-hang-p683902.html?spid=10411752
177,Orico PUG-C6-20,Orico,name,name,ORICO-PUG-C6-20,4650710000000,7447290000000,1,1,1,1,1,https://tiki.vn/day-cap-mang-orico-pug-c6-20-cat6-2m-hang-chinh-hang-p1821405.html?spid=10411749
178,Orico HCU-10 (Gr),Orico,name,name,ORICO-HCU-10-GR,4168200000000,1353960000000,0,1,1,1,1,https://tiki.vn/cap-sac-type-c-2-0-orico-hcu-10-1m-hang-chinh-hang-p683902.html?spid=10411744
179,Orico PUG-C6-30,Orico,name,name,ORICO-PUG-C6-30,3643330000000,3498720000000,1,1,1,1,1,https://tiki.vn/day-cap-mang-orico-pug-c6-30-cat6-3m-hang-chinh-hang-p1822173.html?spid=10411737
180,Orico HCU-10 (W),Orico,name,name,ORICO-HCU-10-W,4180540000000,1352680000000,0,1,1,1,1,https://tiki.vn/cap-sac-type-c-2-0-orico-hcu-10-1m-hang-chinh-hang-p683902.html?spid=10411714
181,Orico PUG-C6-50,Orico,name,name,ORICO-PUG-C6-50,2117020000000,8960640000000,1,1,1,1,1,https://tiki.vn/day-cap-mang-orico-pug-c6-50-cat6-5m-hang-chinh-hang-p1822397.html?spid=10411702
182,Orico PUG-C6-100,Orico,name,name,ORICO-PUG-C6-100,8613950000000,4484560000000,1,1,1,1,1,https://tiki.vn/day-cap-mang-orico-pug-c6-100-cat6-10m-hang-phan-phoi-chinh-thuc-p1822419.html?spid=10411645
183,Orico ECU-10 (B),Orico,name,name,ORICO-ECU-10,4880540000000,1357580000000,0,1,1,1,1,https://tiki.vn/cap-sac-type-c-2-0-orico-ecu-10-1m-hang-chinh-hang-p683758.html?spid=10411633
184,Orico PUG-C6-150,Orico,name,name,ORICO-PUG-C6-150,3508890000000,2661130000000,1,1,1,1,1,https://tiki.vn/day-cap-mang-orico-pug-c6-150-cat6-15m-hang-chinh-hang-p1822435.html?spid=10411619
185,Orico PUG-C6-200,Orico,name,name,ORICO-PUG-C6-200,6241290000000,6148630000000,1,1,1,1,1,https://tiki.vn/day-cap-mang-orico-pug-c6-200-cat6-20m-hang-phan-phoi-chinh-thuc-p1822445.html?spid=10411569
186,Orico PUG-C6-300,Orico,name,name,,1329840000000,7262000000000,1,1,1,1,1,https://tiki.vn/cap-mang-cat-6-dai-30m-orico-pug-c6-300-p10411522.html?spid=10411523
187,Orico ADC-10-V2 (B),Orico,name,name,ORICO-ADC-10-V2-B,3139940000000,1359870000000,1,1,1,1,1,https://tiki.vn/cap-sac-micro-usb-orico-adc-10-v2-1m-hang-chinh-hang-p683575.html?spid=10411521
188,Orico ADC-10-V2 (W),Orico,name,name,ORICO-ADC-10-V2-W,5398220000000,1358440000000,1,1,1,1,1,https://tiki.vn/cap-sac-micro-usb-orico-adc-10-v2-1m-hang-chinh-hang-p683575.html?spid=10411509
189,Orico IDC-10,Orico,name,name,ORICO-IDC-10,2598140000000,1356790000000,0,1,1,1,1,https://tiki.vn/cap-sac-lightning-orico-idc-10-1m-hang-chinh-hang-p683490.html?spid=10411391
190,Orico LTF-10 (Go),Orico,name,name,ORICOLTF-10,8720280000000,1353980000000,0,1,1,1,1,https://tiki.vn/cap-sac-lightning-orico-ltf-10-1m-hang-chinh-hang-p683416.html?spid=10411295
191,Orico PUG-C7-50,Orico,name,name,ORICO-PUG-C7-50,7373490000000,6313920000000,0,1,1,1,1,https://tiki.vn/day-cap-mang-orico-cat7-pug-c7-50-bk-den-5m-hang-chinh-hang-p4027551.html?spid=10411280
192,Orico LTF-10 (S),Orico,name,name,ORICO-LTF-10-GO,4227750000000,1358460000000,1,1,1,1,1,https://tiki.vn/cap-sac-lightning-orico-ltf-10-1m-hang-chinh-hang-p683416.html?spid=10411279
193,Orico PUG-C7-80,Orico,name,name,ORICO-PUG-C7-80,4533710000000,9998350000000,1,1,1,1,1,https://tiki.vn/day-cap-mang-orico-cat7-pug-c7-80-bk-den-8m-hang-chinh-hang-p4027553.html?spid=10411278
194,Orico PUG-C7-100,Orico,name,name,ORICO-PUG-C7-100,3951980000000,4925530000000,0,1,1,1,1,https://tiki.vn/day-cap-mang-orico-cat7-pug-c7-100-bk-den-10m-hang-chinh-hang-p4027555.html?spid=10411265
195,Orico PUG-C7-150,Orico,name,name,ORICO-PUG-C7-150,4411380000000,1009250000000,1,1,1,1,1,https://tiki.vn/day-cap-mang-orico-cat7-pug-c7-150-bk-den-15m-hang-chinh-hang-p4027557.html?spid=10411261
196,Orico PUG-C7-200,Orico,name,name,ORICO-PUG-C7-200,1231240000000,4749880000000,1,1,1,1,1,https://tiki.vn/day-cap-mang-orico-cat7-pug-c7-200-bk-den-20m-hang-chinh-hang-p4027559.html?spid=10411239
197,Orico HM14-80-BK,Orico,name,name,ORICO-HM14-80-BK,2469060000000,8870680000000,1,1,1,1,1,https://tiki.vn/cap-noi-dai-hdmi-ver1-4-orico-hm14-80-bk-8m-hang-chinh-hang-p1543835.html?spid=10411236
198,Orico PUG-C7-300,Orico,name,name,ORICO-PUG-C7-300,9893120000000,6239770000000,1,1,1,1,1,https://tiki.vn/day-cap-mang-orico-cat7-pug-c7-300-bk-den-30m-hang-chinh-hang-p4027561.html?spid=10411185
199,Orico HM14-40-BK,Orico,name,name,ORICO-HM14-40-BK,7002130000000,2937700000000,0,1,1,1,1,https://tiki.vn/cap-noi-dai-hdmi-ver1-4-orico-hm14-40-bk-4m-hang-chinh-hang-p1543365.html?spid=10411178
200,Orico HM14-15-BK,Orico,name,name,ORICO-HM14-15-BK,5802120000000,1358430000000,1,1,1,1,1,https://tiki.vn/cap-noi-hdmi-orico-hm14-15-bk-1-5m-hang-chinh-hang-p682656.html?spid=10411176
201,Orico HD303-30-BK,Orico,name,name,ORICO-HD303-30-BK,1549250000000,5834170000000,0,1,1,1,1,https://tiki.vn/cap-noi-dai-hdmi-chuan-2-0-orico-hd303-30-bk-chieu-dai-3m-hang-chinh-hang-mau-den-p6327465.html?spid=10410957
202,Orico HD303-20-BK,Orico,name,name,ORICO-HD303-20-BK,3934250000000,9427840000000,1,1,1,1,1,https://tiki.vn/cap-noi-dai-hdmi-chuan-2-0-orico-hd303-20-bk-chieu-dai-2m-hang-chinh-hang-mau-den-p6184675.html?spid=10410944
203,Orico HD303-15-BK,Orico,name,name,ORICO-HD303-15-BK,6471720000000,4659730000000,0,1,1,1,1,https://tiki.vn/cap-noi-dai-hdmi-chuan-2-0-orico-hd303-15-bk-chieu-dai-1-5m-hang-chinh-hang-mau-den-p6184371.html?spid=10410936
204,Orico K10000 (B),Orico,name,name,ORICO-K10000-B,9711860000000,7687050000000,1,1,1,1,1,https://tiki.vn/pin-sac-du-phong-orico-k10000-10-000-mah-qc3-0-type-c-hang-chinh-hang-p1826263.html?spid=11908868
205,Orico K10000 (W),Orico,name,name,ORICO-K10000-W,2097930000000,8637830000000,0,1,1,1,1,https://tiki.vn/pin-sac-du-phong-orico-k10000-10-000-mah-qc3-0-type-c-hang-chinh-hang-p1826263.html?spid=10410632
206,Orico LD100 (W),Orico,name,name,ORICO-LD100-W,4535590000000,1448670000000,0,1,1,1,1,https://tiki.vn/pin-sac-du-phong-orico-10000mah-ld100-hang-chinh-hang-p860096.html?spid=864282
207,Orico LD100 (Pi),Orico,name,name,ORICO-LD100-PI,7051610000000,1441490000000,0,1,1,1,1,https://tiki.vn/pin-sac-du-phong-orico-10000mah-ld100-hang-chinh-hang-p860096.html?spid=10410598
208,Orico LD100 (Br),Orico,name,name,ORICO-LD100-BR,7924220000000,1444720000000,0,1,1,1,1,https://tiki.vn/pin-sac-du-phong-orico-10000mah-ld100-hang-chinh-hang-p860096.html?spid=11908864
209,Orico HD303-10-BK,Orico,name,name,ORICO-HD303-10-BK,4113520000000,3122620000000,0,1,1,1,1,https://tiki.vn/cap-noi-dai-hdmi-chuan-2-0-orico-hd303-10-bk-chieu-dai-1m-hang-chinh-hang-mau-den-p5948007.html?spid=10410469
210,Orico CER3-15,Orico,name,name,ORICO-CER3-15,9646360000000,2864080000000,1,1,1,1,1,https://tiki.vn/cap-noi-chuan-usb-3-0-sang-usb-3-0-orico-cer3-15-dai-1-5m-p9266173.html?spid=10410461
211,Orico LX12500 (B),Orico,name,name,ORICO-LX12500,5579400000000,1449720000000,0,1,1,1,1,https://tiki.vn/pin-sac-du-phong-orico-12500-mah-x12500-hang-chinh-hang-p860880.html?spid=10410445
212,Orico LE12000 (W),Orico,name,name,ORICO-LE12000,7650180000000,1440090000000,0,1,1,1,1,https://tiki.vn/pin-sac-du-phong-orico-12000mah-le12000-hang-chinh-hang-p860206.html?spid=10410434
213,Orico W5PH4-U3 (B),Orico,name,name,ORICO-W5PH4-U3,4304480000000,9239080000000,1,1,1,1,1,https://tiki.vn/hub-usb-3-0-orico-w5ph4-u3-4-cong-hang-chinh-hang-p1939675.html?spid=10408426
214,Orico W6PH4 (B),Orico,name,name,ORICO-W6PH4,1739700000000,3920370000000,0,1,1,1,1,https://tiki.vn/hub-usb-3-0-orico-4-cong-w6ph4-p575557.html?spid=10408363
215,Orico W8PH4 (B),Orico,name,name,ORICO-W8PH4,5682400000000,7772140000000,0,1,1,1,1,https://tiki.vn/hub-usb-3-0-orico-4-cong-w8ph4-hang-chinh-hang-p311933.html?spid=10407828
216,Orico W9PH4 (B),Orico,name,name,ORICO-W9PH4,9657790000000,3926450000000,0,1,1,1,1,https://tiki.vn/hub-usb-3-0-orico-4-cong-w9ph4-hang-chinh-hang-p681339.html?spid=10407646
217,Orico W5P-U3-30 (B),Orico,name,name,ORICO-W5P-U3-30,7834590000000,3926380000000,1,1,1,1,1,https://tiki.vn/hub-usb-3-0-orico-4-cong-w5p-u3-hang-chinh-hang-p745618.html?spid=10407644
218,Orico ASH7-U3 (W),Orico,name,name,ORICO-H7013-U3-AD,8110250000000,3926880000000,0,1,1,1,1,https://tiki.vn/hub-usb-3-0-orico-7-cong-ash7-u3-hang-chinh-hang-p575202.html?spid=10407473
219,Orico W5P-U2-30 (B),Orico,name,name,ORICO-W5P-U2-30,2122690000000,6191220000000,1,1,1,1,1,https://tiki.vn/bo-chia-usb-4-port-orico-w5p-u2-30-den-p7886814.html?spid=10407165
220,Orico H4013-U2-03 (Gr),Orico,name,name,ORICO-H4013-U2-03-GR,8316100000000,3923330000000,0,1,1,1,1,https://tiki.vn/hub-usb-2-0-orico-4-cong-h4013-u2-03-p311851.html?spid=10406978
221,Orico H4013-U2-03 (W),Orico,name,name,ORICO-H4013-U2-03-W,4760090000000,3923430000000,0,1,1,1,1,https://tiki.vn/hub-usb-2-0-orico-4-cong-h4013-u2-03-p311851.html?spid=10406901
222,Orico H4013-U2-03 (B),Orico,name,name,ORICO-H4013-U2-03-B,5696660000000,3921590000000,0,1,1,1,1,https://tiki.vn/hub-usb-2-0-orico-4-cong-h4013-u2-03-p311851.html?spid=10406898
223,Orico M3H4-V1 (W),Orico,name,name,ORICO-M3H4-V1,8132730000000,3924150000000,1,1,1,1,1,https://tiki.vn/hub-usb-3-0-orico-4-cong-m3h4-v1-hang-chinh-hang-p575604.html?spid=10406868
224,Orico M3H7-V1 (W),Orico,name,name,ORICO-M3H7-V1,4393950000000,9834670000000,0,1,1,1,1,https://tiki.vn/bo-chia-hub-usb-3-0-orico-m3h7-v1-7-cong-p311549.html?spid=10406667
225,Orico AS7C2 (B),Orico,name,name,ORICO-AS7C2,4923820000000,8912650000000,0,1,1,1,1,https://tiki.vn/bo-chia-hub-usb-3-0-orico-as7c2-7-cong-p311594.html?spid=10406604
226,Orico M4U3 (W),Orico,name,name,ORICO-M4U3,3436210000000,3921640000000,0,1,1,1,1,https://tiki.vn/hub-usb-3-0-orico-4-cong-m4u3-hang-chinh-hang-p575383.html?spid=10406518
227,Orico ARH4-U3 (S),Orico,name,name,ORICO-ARH4-U3,9816790000000,7539810000000,1,1,1,1,1,https://tiki.vn/bo-chia-usb-hub-4-cong-orico-arh4-u3-usb-3-0-type-c-hang-chinh-hang-p9934338.html?spid=10406465
228,Orico ASH7-U3 (W),Orico,name,name,ORICO-ASH7-U3,6297800000000,5185740000000,0,1,1,1,1,https://tiki.vn/bo-chia-usb-hub-7-cong-usb-3-0-type-c-orico-ash7-u3-hang-chinh-hang-p9934291.html?spid=10406448
229,Orico ASH4-U3 (W),Orico,name,name,ORICO-ASH4-U3,3019170000000,5865290000000,1,1,1,1,1,https://tiki.vn/bo-chia-usb-hub-4-cong-usb-3-0-type-c-orico-ash4-u3-hang-chinh-hang-p9934254.html?spid=10406325
230,Orico H3TS-U2 (B),Orico,name,name,ORICO-H3TS-U2,3394260000000,2370790000000,0,1,1,1,1,https://tiki.vn/bo-chia-usb-hub-3-cong-usb-2-0-tich-hop-dau-doc-the-nho-tf-sd-orcio-h3ts-u2-p7887351.html?spid=10406324
231,Orico SHC-U3 (B),Orico,name,name,ORICO-SHC-U3,5230620000000,3928330000000,1,1,1,1,1,https://tiki.vn/hub-usb-3-0-orico-4-cong-shc-u3-p311429.html?spid=10406303
232,Orico H3TS-U3 (B),Orico,name,name,ORICO-H3TS-U3,1312900000000,7223580000000,0,1,1,1,1,https://tiki.vn/bo-chia-hub-usb-3-0-type-c-orico-ch3sf-3-cong-tich-hop-dau-doc-the-nho-tf-sd-p311673.html?spid=10406231
233,Orico HR01-U3 (B),Orico,name,name,ORICO-HR01-U3,2004280000000,3922250000000,0,1,1,1,1,https://tiki.vn/hub-usb-3-0-orico-3-cong-hr01-u3-hang-chinh-hang-p681306.html?spid=10406228
234,Orico 3588US3,Orico,name,name,,1347800000000,3368520000000,1,1,1,1,1,https://tiki.vn/hop-o-cung-3-5-va-2-5-sata-3-usb-3-0-type-c-orico-3588us3-p10405785.html?spid=10405786
235,Orico TC4U-U3 (S),Orico,name,name,,9159750000000,2606590000000,0,1,1,1,1,https://tiki.vn/bo-chia-4-cong-usb-3-0-orico-tc4u-u3-sv-hang-chinh-hang-p1827483.html?spid=10405735
236,Orico 3588C3,Orico,name,name,Orico-3588C3,8980930000000,3368680000000,0,1,1,1,1,https://tiki.vn/hdd-box-orico-usbtypec-3-5-2-5-3588c3-p575502.html?spid=10405708
237,Orico 6218US3,Orico,name,name,,9823160000000,3364910000000,0,1,1,1,1,https://tiki.vn/de-o-cung-docking-1-khe-cam-3-5-va-2-5-sata-3-usb-3-0-orico-6218us3-p9308646.html?spid=10405551
238,Orico 6228US3-C,Orico,name,name,,6508660000000,3369020000000,1,1,1,1,1,https://tiki.vn/de-cam-o-cung-2-cong-orico-6228us3-dock-o-cung-2-5-3-5-hang-chinh-hang-p9317939.html?spid=10405520
239,Orico 35UTS,Orico,name,name,ORICO-35UTS,1778760000000,6615600000000,1,1,1,1,1,https://tiki.vn/dau-doc-du-lieu-o-cung-3-5-va-2-5-sata-3-usb-3-0-orico-35uts-p3777689.html?spid=10405436
240,Orico 3139U3,Orico,name,name,Orico-3139U3,3072240000000,6205360000000,0,1,1,1,1,https://tiki.vn/hop-dung-o-cung-di-dong-hdd-box-3-5-inch-orico-3139u3-hang-chinh-hang-p1036160.html?spid=10405391
241,Orico 6518US3,Orico,name,name,,5553190000000,3361470000000,1,1,1,1,1,https://tiki.vn/de-cam-o-cung-orico-6518us3-sata-3-usb-3-0-den-p9355285.html?spid=10405379
242,Orico 2789U3,Orico,name,name,ORICO-2789U3,3253980000000,8053920000000,0,1,1,1,1,https://tiki.vn/hop-dung-o-cung-2-5-inch-ssd-hdd-sata-3-usb-3-0-orico-2789u3-ngau-nhien-hang-chinh-hang-p9462161.html?spid=10405378
243,Orico 2577U3,Orico,name,name,ORICO-2577U3,2905310000000,5782850000000,1,1,1,1,1,https://tiki.vn/o-cung-hdd-box-orico-usb3-0-2-5-2577u3-hang-chinh-hang-p3831591.html?spid=10405346
244,Orico 2588US3 (B),Orico,name,name,,7967280000000,3366080000000,1,1,1,1,1,https://tiki.vn/hop-dung-o-cung-2-5-ssd-hdd-sata-usb-3-0-orico-2588us3-hang-chinh-hang-p9742108.html?spid=9742116
245,Orico 6638US3-C,Orico,name,name,ORICO-6638US3-C,9044560000000,3361080000000,0,1,1,1,1,https://tiki.vn/hdd-box-orico-usb3-0-3-5-2-5-6638us3-c-p575554.html?spid=10405332
246,Orico 6648US3-C,Orico,name,name,,8100980000000,3366040000000,0,1,1,1,1,https://tiki.vn/de-o-cung-docking-4-khe-cam-3-5-va-2-5-sata-3-usb-3-0-orico-6648us3-c-p10405324.html?spid=10405325
247,Orico 2569S3-V1 (S),Orico,name,name,Orico-2569S3-V1,1696080000000,6505030000000,0,1,1,1,1,https://tiki.vn/hop-o-cung-2-5-ssd-hdd-sata-3-usb-3-0-orico-2569s3-v1-p9416457.html?spid=10405322
248,Orico 2538U3,Orico,name,name,Orico-2538U3,1799790000000,6222440000000,0,1,1,1,1,https://tiki.vn/box-dung-o-cung-2-5-orico-2538u3-cong-usb-3-0-hang-chinh-hang-p9461729.html?spid=10405302
249,Orico 2538C3,Orico,name,name,,6916430000000,4376710000000,0,1,1,1,1,https://tiki.vn/hop-dung-o-cung-2-5-inch-ssd-hdd-sata-3-usb-3-0-type-c-orico-2538c3-hang-chinh-hang-p9461440.html?spid=10405300
250,Orico WS200RU3,Orico,name,name,ORICO-WS200RU3,2218800000000,7275870000000,0,1,1,1,1,https://tiki.vn/hop-dung-o-cung-hdd-2-khay-orico-3-5-usb-3-0-ws200ru3-eu-sv-bac-hang-chinh-hang-p6568741.html?spid=10405299
251,Orico WS500RU3,Orico,name,name,,3530620000000,8528150000000,0,1,1,1,1,https://tiki.vn/hop-dung-o-cung-hdd-5-khay-orico-3-5-usb-3-0-ws500ru3-eu-sv-bac-hang-chinh-hang-p6568775.html?spid=10405298
252,Orico 1106SS,Orico,name,name,,6789320000000,4468890000000,0,1,1,1,1,https://tiki.vn/khay-o-cung-pc-orico-caddy-bay-3-5-sata-1-2-3-1106ss-p9286903.html?spid=10405295
253,Orico 2139U3,Orico,name,name,ORICO-2139U3,4788400000000,3364250000000,1,1,1,1,1,https://tiki.vn/hop-dung-o-cung-di-dong-hdd-box-2-5-orico-2139u3-usb3-0-2-5-nhua-trong-suot-hang-chinh-hang-p575388.html?spid=10405292
254,Orico L127SS,Orico,name,name,,3442860000000,3365880000000,1,1,1,1,1,https://tiki.vn/khay-o-cung-laptop-caddy-bay-2-5-sata-1-2-3-orico-l127ss-p8521806.html?spid=10405291
255,Orico L95SS,Orico,name,name,,5618690000000,3369310000000,1,1,1,1,1,https://tiki.vn/khay-o-cung-laptop-caddy-bay-2-5-sata-1-2-3-orico-l95ss-p8556786.html?spid=10405289
256,Orico 2189U3,Orico,name,name,,8092990000000,3360740000000,0,1,1,1,1,https://tiki.vn/hop-o-cung-2-5-ssd-hdd-sata-3-usb-3-0-orico-2189u3-p9285909.html?spid=10405288
257,Orico MSA-U3,Orico,name,name,Orico-MSA-U3,5148170000000,9568990000000,0,1,1,1,1,https://tiki.vn/hop-dung-o-cung-2-5-inch-msata3-ssd-usb-3-0-orico-msa-u3-hang-chinh-hang-p9460403.html?spid=10405278
258,Orico 1106SS,Orico,name,name,,6172390000000,4468890000000,1,1,1,1,1,https://tiki.vn/hotswap-cho-may-tinh-de-ban-orico-1106ss-den-hang-phan-phoi-chinh-hang-p9489025.html?spid=10401972
259,Orico L127SS,Orico,name,name,,2547260000000,3365880000000,1,1,1,1,1,https://tiki.vn/khay-o-cung-laptop-caddy-bay-2-5-sata-1-2-3-orico-l127ss-p10401808.html?spid=10401809
260,Orico L95SS,Orico,name,name,,6066240000000,3369310000000,1,1,1,1,1,https://tiki.vn/khay-o-cung-laptop-caddy-bay-2-5-sata-1-2-3-orico-l95ss-p10401617.html?spid=10401618
